Scan Data Values Scan Values,,,,,,,,,,,,,,,,,,,,,,,,,,,,,,,,,,,,,,,,,,,,,,,,,,,,,,,,,,,,,,,,,,,,,,,,,,,,,,,,,,,,,,,,,,,,,,,,,,,,,,,,,,,,,,,,,,,,,,,,,,,,,,,,,,,,,,,,,,,,,,,,,,,,,,,,,,,,,,,,,,,,,,,,,,,,,,,,,,,,,,,,,,,,,,,,,,,,,,,,,,,,,,,,,,,,,,,,,,,,,,,,,,,,,,,,,,,,,,,,,,,,,,,,,,,,,,,,,,,,,,,,,,,,,,,,,,,,,,,,,,,,,,,,,,,,,,,,,,,,,,,,,,,,,,,,,,,,,,,,,,,,,,,,,,,,,,,,,,,,,,,,,,,,,,,,,,,,,,,,,,,,,,,,,,,,,,,,,,,,,,,,,,,,,,,,,,,,,,,,,,,,,,,,,,,,,,,,,,,,,,,,,,,,,,,,,,,,,,,,,,,,,,,,,,,,,,,,,,,,,,,,,,,,,,,,,,,,,,,,,,,,,,,,,,,,,,,,,,,,,,,,,,,,,,,
0,0,-287296,-284928,-289600,-288832,-288256,-289152,-286272,-290880,-286016,-287488,-287616,-287360,-288512,-285632,-290304,-288576,-287488,-288320,-288256,-290496,-286272,-288896,-286976,-288960,-287872,-287680,-288704,-287488,-287424,-286912,-288960,-288128,-288576,-284480,-284864,-281088,-276288,-273728,-262848,-254464,-237696,-214144,-186240,-159488,-122944,-78848,-28736,8000,51200,80640,94528,90688,72128,43456,-6592,-48960,-102720,-154432,-214528,-291648,-339904,-412096,-444160,-486976,-503936,-532096,-563328,-571584,-577216,-572288,-561344,-541696,-509888,-486464,-453376,-417856,-394176,-372992,-349440,-343232,-339072,-341760,-347136,-352320,-358208,-364032,-365888,-360960,-353280,-349440,-328384,-308992,-294784,-277376,-261120,-250240,-244288,-246080,-248896,-260992,-270400,-290112,-300352,-312704,-323584,-325056,-329472,-327168,-323328,-318400,-311168,-304128,-296064,-284864,-275712,-269248,-261696,-257856,-258048,-256640,-256960,-256960,-258752,-256256,-259136,-262400,-268864,-273920,-279744,-286976,-296256,-305024,-310144,-320320,-322560,-325888,-329024,-330304,-326208,-327040,-316800,-314944,-311808,-304128,-301696,-295936,-291712,-288832,-288704,-287296,-285760,-283328,-283328,-281728,-284864,-278592,-280704,-279104,-278656,-275136,-277312,-273984,-275200,-272960,-274240,-272512,-274048,-274624,-275264,-275968,-275136,-277568,-277440,-276416,-276928,-279360,-275520,-278528,-276544,-276928,-276672,-275648,-280512,-278144,-280192,-278400,-284096,-278272,-283136,-280448,-284608,-283456,-286336,-287168,-288128,-288320,-287168,-291264,-289920,-289600,-292800,-289408,-288832,-290240,-294080,-288384,-290176,-291072,-290048,-288768,-289856,-288640,-288768,-289280,-289344,-288576,-290048,-287616,-290432,-290880,-292736,-290624,-294144,-295744,-295232,-294592,-297664,-295744,-300544,-302144,-298112,-297920,-294336,-292480,-288896,-282048,-276928,-270400,-262720,-251456,-246784,-241536,-233664,-227392,-228800,-222208,-226304,-225984,-229568,-236416,-239104,-247488,-256768,-265984,-277312,-283648,-293632,-300928,-310656,-314176,-319296,-325120,-325120,-332224,-329472,-332800,-328768,-330752,-330560,-327680,-325504,-323648,-318720,-318912,-311872,-311872,-305408,-301504,-300160,-293440,-289472,-285888,-278592,-278784,-276160,-272320,-271296,-270400,-269056,-268096,-268096,-267968,-265600,-269504,-269440,-269248,-272256,-272384,-269952,-271488,-272448,-276416,-275584,-274688,-277312,-276288,-278912,-278528,-279680,-278848,-281920,-283456,-283136,-283776,-285440,-286016,-284928,-283840,-283904,-282880,-285952,-284672,-284032,-285440,-284096,-283456,-282816,-284480,-284800,-284096,-283072,-289728,-287552,-288896,-290432,-290496,-291712,-291520,-291136,-293312,-293760,-292544,-293504,-292288,-292608,-292160,-290432,-291584,-289920,-286528,-289088,-289472,-282624,-283712,-285696,-283584,-280256,-280192,-277568,-279616,-274048,-276864,-275136,-275200,-273664,-274560,-275520,-274496,-278144,-274432,-278656,-277824,-282112,-282688,-285824,-286016,-287744,-289792,-290880,-295936,-294400,-294144,-293568,-294592,-292736,-295744,-293120,-291584,-293824,-290240,-289920,-288832,-286912,-287040,-286912,-284992,-283136,-286848,-282304,-285888,-284736,-286976,-287808,-287744,-290240,-289472,-289280,-289152,-289536,-289024,-291200,-287232,-290624,-287488,-287744,-286592,-288128,-286592,-285312,-283200,-285568,-282880,-283712,-283328,-280896,-283648,-283840,-285440,-284096,-284864,-283136,-288256,-286592,-285760,-288192,-288512,-287424,-289152,-290624,-289984,-289920,-290048,-290688,-289408,-288256,-289024,-289728,-288128,-288384,-285760,-288128,-284096,-284288,-286016,-285184,-283776,-283264,-279936,-286080,-283776,-282432,-281792,-280640,-282560,-280256,-281472,-280064,-280320,-282560,-280640,-280448,-279360,-283904,-280576,-279424,-281152,-279168,-282112,-282560,-281408,-280960,-282304,-284608,-283200,-284096,-286016,-284544,-285824,-287104,-287040,-286336,-287488,-286976,-289152,-289024,-289792,-289088,-288640,-290496,-288320,-286080,-288512,-286912,-287616,-287040,-286592,-286464,-286592,-286016,-287424
0,0,-287808,-285888,-287424,-288192,-286016,-288512,-287040,-284608,-286784,-289728,-286272,-289216,-285312,-288896,-287360,-287744,-286656,-286912,-289728,-289216,-288640,-284672,-291904,-287296,-288960,-289152,-287232,-289280,-285504,-286016,-288832,-285696,-283840,-284608,-284992,-281344,-273856,-270272,-264768,-253760,-238464,-217920,-197824,-160320,-122432,-80128,-21504,21504,57280,81600,92160,92032,74304,47872,22656,-44160,-98880,-160704,-234240,-284352,-343168,-395072,-429184,-483840,-508928,-544576,-563904,-578112,-577344,-573952,-557952,-530368,-506624,-477824,-447104,-410880,-390720,-367168,-349056,-340096,-338176,-341184,-344960,-349312,-355648,-364800,-363712,-360320,-352192,-344000,-322240,-311872,-288832,-274432,-264512,-255232,-249344,-251648,-254656,-262464,-275904,-288896,-299520,-311232,-318080,-323648,-324096,-322112,-319552,-313280,-310720,-301056,-291776,-288448,-277696,-272832,-268416,-261888,-259968,-258496,-259008,-258368,-259200,-261696,-260352,-266880,-269760,-276096,-283840,-293696,-299968,-305792,-311360,-318272,-320512,-324032,-326592,-325696,-320704,-321280,-318336,-310976,-308096,-303936,-299584,-297472,-294720,-290240,-287872,-287104,-284032,-284288,-286208,-284096,-284096,-282240,-280000,-280064,-277504,-277312,-277888,-273280,-275328,-272256,-270656,-273152,-272896,-273856,-271744,-274048,-278400,-275776,-275904,-277696,-276736,-276160,-275136,-278464,-276928,-280576,-280448,-279104,-278976,-279104,-280640,-280192,-279936,-283264,-283072,-283328,-286528,-285184,-286208,-284928,-288448,-287744,-291072,-288768,-290624,-292736,-289856,-289024,-288576,-288064,-289856,-289280,-288064,-289216,-289088,-288000,-289792,-288384,-288768,-286528,-289152,-287360,-288192,-288064,-290880,-289216,-289984,-292352,-293696,-293504,-297664,-298048,-298240,-303872,-300352,-300288,-301248,-295232,-300544,-292608,-289472,-285504,-272960,-267328,-265664,-253568,-249472,-240192,-234880,-228544,-223424,-219328,-222656,-226304,-229568,-235200,-241600,-247168,-251264,-264192,-274688,-285504,-295872,-307328,-312128,-316416,-323648,-329792,-328704,-332032,-333504,-335296,-331520,-331584,-327488,-324160,-324928,-321024,-318400,-315968,-311360,-306368,-305216,-299520,-298048,-291456,-288448,-285312,-280192,-279936,-274624,-273664,-269760,-271424,-271552,-268288,-267712,-269376,-266496,-266880,-270400,-264960,-270144,-272128,-270464,-270144,-271808,-271808,-273984,-274880,-277120,-278080,-279168,-279744,-282944,-281088,-284352,-279936,-286144,-286528,-286016,-284928,-284160,-284032,-284608,-284288,-283456,-283136,-282752,-281792,-282880,-284032,-281664,-283712,-285440,-283392,-285376,-283584,-287168,-286720,-288192,-292032,-288256,-290688,-291968,-292032,-293824,-292480,-292672,-292480,-295936,-290368,-293376,-292224,-287616,-286400,-288768,-289344,-286976,-286400,-282560,-284160,-281920,-280640,-280576,-278144,-278656,-276032,-272704,-273408,-274048,-273216,-274560,-274368,-276736,-274944,-278720,-279616,-283520,-282176,-284544,-286272,-290176,-284800,-292736,-293696,-291840,-295488,-294208,-294336,-294528,-294592,-293568,-294272,-291136,-292736,-289152,-288192,-288768,-285952,-285824,-282880,-284224,-284032,-283584,-284288,-287552,-285504,-285504,-288448,-288192,-289984,-288896,-290176,-292160,-289984,-289792,-290752,-289152,-287296,-286336,-288000,-287040,-284928,-285632,-284416,-283648,-282304,-282816,-281536,-279936,-284544,-283008,-279616,-282880,-283200,-283392,-288512,-286208,-287808,-287872,-287936,-292928,-288320,-291712,-290624,-288128,-289920,-290048,-290880,-290112,-292096,-287616,-289280,-289472,-286848,-283456,-286016,-287104,-285760,-285824,-285376,-282752,-281216,-285376,-281792,-281600,-282240,-282944,-281344,-280448,-283648,-278208,-281344,-278336,-278720,-280832,-279936,-281664,-279744,-281344,-279424,-284800,-280832,-283264,-278272,-280896,-283456,-283136,-282560,-286784,-284160,-285248,-284864,-286272,-284992,-286912,-287424,-289664,-290368,-288960,-289792,-291008,-288000,-290624,-290560,-289088,-288768,-287616,-288960,-289024,-287552,-287488,-287360,-287168,-288832
0,0,-287168,-288448,-284224,-286144,-288512,-288768,-286272,-288256,-288576,-289664,-288640,-287936,-285248,-286656,-285440,-288512,-288768,-286336,-288384,-286464,-288448,-288128,-287360,-289728,-287424,-289152,-285888,-283968,-289216,-286528,-288576,-288256,-287168,-285888,-283520,-284544,-276800,-268160,-260672,-253952,-235584,-212288,-194240,-155328,-126784,-69376,-45312,19520,57280,78592,91712,91264,66944,46016,16384,-49088,-102848,-153792,-204800,-295360,-366912,-408704,-434496,-489856,-517440,-539328,-566144,-581120,-578624,-571520,-552960,-538944,-508864,-470784,-439552,-415872,-388032,-373184,-348224,-339456,-336576,-339392,-341056,-352064,-356032,-360064,-364800,-356800,-351936,-341376,-323904,-313216,-295808,-286272,-269312,-262848,-252672,-255232,-257408,-267072,-270144,-282752,-296448,-306880,-309440,-314560,-318976,-316224,-316224,-312000,-303616,-299008,-293376,-283776,-276864,-269824,-269184,-262720,-265088,-263040,-259904,-261184,-262720,-261696,-263168,-270336,-275264,-278848,-282752,-293632,-295040,-306688,-310400,-315840,-319744,-321024,-320512,-323200,-322304,-316928,-311616,-310720,-308992,-303424,-297920,-296128,-291904,-292672,-294208,-289472,-288832,-288384,-286592,-287360,-283776,-283648,-282304,-280832,-280384,-279360,-276224,-276160,-275776,-273344,-272064,-273984,-272320,-272576,-274432,-273728,-274432,-274112,-275968,-272768,-275008,-278208,-279552,-276928,-279552,-276160,-280768,-278912,-278784,-278848,-280704,-281664,-281792,-281280,-283776,-284352,-287488,-283200,-290688,-286464,-286144,-288576,-290176,-289536,-289408,-291904,-287680,-288832,-289856,-289280,-288704,-288640,-288704,-289216,-289152,-290048,-286144,-287360,-289408,-286848,-291584,-288448,-288320,-290176,-288704,-290176,-291456,-293056,-294976,-295424,-297344,-297344,-300608,-299648,-297792,-301568,-302784,-301824,-294976,-293504,-291392,-282624,-274752,-267392,-264896,-250048,-243776,-238336,-232896,-228992,-223296,-219264,-223488,-223296,-225984,-231872,-237760,-247040,-257344,-264576,-275072,-288512,-295680,-306816,-312896,-319808,-326848,-327680,-332672,-335680,-340160,-332992,-333696,-333248,-327872,-324352,-324608,-317952,-319488,-313408,-307392,-306688,-305536,-297664,-295808,-292736,-286848,-286272,-283200,-278464,-274176,-274304,-271616,-273152,-267648,-268480,-266752,-268224,-268608,-266944,-267712,-267712,-272960,-267840,-268672,-271232,-271808,-272640,-273728,-278400,-275776,-279296,-279616,-280576,-284992,-280384,-280320,-285952,-284352,-285248,-286016,-290048,-285888,-286400,-286720,-286784,-284992,-282624,-284736,-282304,-282880,-284736,-282176,-283456,-284672,-282752,-284608,-285312,-284864,-286528,-287232,-288832,-288256,-289920,-290048,-291648,-294976,-293056,-293632,-294336,-295424,-288640,-292224,-291200,-291072,-289728,-289856,-288384,-287296,-286336,-285376,-284224,-280704,-280448,-279680,-279168,-277696,-276160,-276224,-274304,-275136,-274560,-275712,-274752,-275456,-276352,-279872,-278336,-277056,-285312,-282368,-286016,-289728,-286272,-291840,-292672,-296192,-295872,-294016,-295680,-295040,-295232,-297280,-291520,-292736,-291072,-289408,-287744,-287168,-282688,-285504,-284288,-282944,-281600,-282880,-284480,-285888,-283712,-287552,-288192,-287360,-290048,-289280,-291584,-289536,-293376,-290176,-291392,-290368,-293312,-285824,-289152,-286848,-286080,-286912,-283776,-280256,-282752,-281408,-283968,-282176,-280448,-283584,-282240,-281472,-281152,-283904,-284416,-285632,-286784,-284224,-288000,-287360,-290816,-289408,-289152,-294080,-291712,-289088,-291968,-291648,-289792,-289024,-289088,-288448,-289536,-288384,-285888,-287552,-285632,-285888,-284736,-283904,-283712,-280640,-283264,-281280,-282048,-279168,-282368,-278528,-282048,-278656,-280896,-279936,-279360,-276544,-280832,-281088,-276608,-279808,-282240,-282112,-280256,-283776,-280704,-281984,-283520,-282880,-286656,-283840,-287424,-286400,-286976,-287296,-287232,-286848,-290368,-288576,-289472,-288576,-286336,-288768,-287744,-290560,-287296,-288896,-289216,-289472,-290944,-286400,-285888,-285696,-288384,-286592,-284736
0,0,-288384,-286336,-288320,-286208,-288512,-288128,-287936,-288704,-288192,-286784,-288576,-289472,-287424,-287360,-287296,-286976,-288768,-290240,-288256,-287040,-290752,-288384,-287296,-288704,-287296,-288320,-289024,-286400,-285696,-287552,-286912,-287488,-287552,-286016,-282688,-281600,-273536,-274368,-264064,-249920,-235712,-213696,-187712,-157376,-122048,-73536,-44544,22208,55616,79744,90752,92096,78464,53632,15360,-53504,-106560,-159616,-207424,-297344,-352384,-390656,-439488,-493568,-537408,-548288,-570688,-580544,-579136,-573056,-547904,-523392,-507776,-479424,-439808,-419072,-390528,-364992,-346368,-336576,-334336,-335552,-341568,-347648,-354624,-359424,-360256,-358272,-349056,-343168,-325696,-321152,-304832,-287552,-278208,-266752,-264256,-259392,-260032,-269376,-274496,-285184,-293312,-303040,-310272,-312896,-314688,-311168,-311552,-309056,-304768,-300224,-292992,-283776,-275584,-275456,-270976,-267200,-262016,-261888,-263360,-262912,-266240,-264832,-268544,-273152,-273536,-281856,-285952,-295168,-296576,-304256,-313088,-315008,-315712,-318592,-316864,-318400,-314752,-313664,-309760,-307904,-303168,-300992,-299584,-298560,-298112,-292224,-293568,-293376,-287488,-291200,-287808,-285184,-288000,-282560,-282176,-279296,-280192,-275392,-277120,-271616,-274752,-272832,-273536,-272512,-271680,-271744,-272064,-272896,-273984,-274176,-275072,-275072,-276544,-275328,-275072,-278784,-277056,-276416,-277952,-280064,-277120,-279872,-280128,-282240,-281408,-282240,-285568,-284288,-286016,-282496,-287872,-286464,-287232,-288448,-288512,-288512,-289728,-289216,-288768,-287808,-288832,-289088,-290176,-286528,-288960,-287104,-287552,-289408,-288320,-289664,-286080,-288192,-286464,-288128,-289664,-289344,-288704,-290752,-292544,-292608,-291520,-292928,-297536,-297856,-298048,-300288,-300992,-301824,-301504,-300224,-298240,-293504,-291008,-284736,-278784,-271296,-260416,-252352,-245696,-242176,-230208,-223552,-220032,-219200,-218496,-219840,-221824,-229440,-241088,-245376,-254080,-267520,-275904,-287744,-295040,-312000,-316160,-325824,-329792,-330880,-336640,-336512,-334912,-338240,-332864,-334080,-326720,-326080,-320832,-316736,-316224,-313024,-309120,-302464,-299328,-298560,-293760,-291136,-286208,-284928,-280832,-280064,-276736,-276928,-270720,-275072,-268672,-269120,-269824,-265920,-268224,-268928,-265344,-268800,-268416,-271296,-270912,-268992,-271808,-271104,-275328,-274368,-275392,-276800,-278848,-280576,-282560,-284032,-281856,-285120,-288192,-286656,-285888,-285632,-286400,-288768,-286272,-287232,-286016,-284672,-284672,-284416,-282624,-282240,-283648,-283520,-283328,-282368,-283200,-286208,-283968,-287168,-283968,-287552,-289600,-286336,-292160,-290816,-290816,-292224,-293632,-291328,-291712,-292352,-293376,-289856,-293440,-290240,-289728,-289984,-287808,-286720,-285376,-284480,-284416,-281280,-278656,-279360,-280640,-277952,-275392,-273600,-275904,-272064,-275648,-274816,-275072,-275904,-280832,-277312,-279744,-285504,-284928,-284864,-289728,-288896,-289472,-293440,-295424,-295936,-293696,-295424,-294912,-294720,-292928,-291008,-294592,-287808,-286784,-288320,-282304,-285888,-284096,-283648,-281728,-282304,-285440,-281344,-285440,-284288,-284544,-289344,-288576,-289472,-289664,-290432,-290752,-291968,-292800,-292288,-291584,-292608,-288256,-288832,-288384,-286336,-288960,-283712,-283520,-283968,-281792,-278848,-282944,-280640,-281728,-280384,-280384,-284480,-282496,-285504,-285952,-283072,-289792,-287488,-289920,-289600,-290944,-289664,-290880,-293120,-292416,-289792,-292608,-290240,-292992,-287744,-291200,-289536,-286656,-284288,-288256,-285888,-285312,-285312,-280640,-285504,-281664,-281728,-281088,-280192,-281344,-280896,-281856,-279360,-278016,-280448,-279040,-279040,-282944,-276544,-278016,-278784,-280128,-280192,-284224,-280960,-283328,-283008,-280064,-286144,-283904,-282048,-285504,-287168,-286464,-286400,-285568,-287552,-286144,-289344,-287488,-290368,-288704,-291136,-288960,-290880,-289792,-288192,-290560,-290432,-289344,-290624,-288576,-288448,-287424,-288640,-284096,-286720
0,0,-284416,-288384,-287744,-286848,-288192,-288640,-287680,-288064,-289024,-288960,-286400,-287680,-288960,-287872,-289856,-288512,-288128,-290112,-287424,-289152,-290816,-286656,-285888,-288640,-288192,-290304,-290048,-286720,-288704,-285696,-288896,-287936,-284800,-285312,-282560,-281216,-278528,-272192,-262976,-250432,-239936,-213312,-192640,-150720,-115136,-70016,-43776,21760,44416,78848,97152,95680,72448,48064,2176,-37120,-95616,-157376,-222080,-281408,-335936,-403904,-454080,-496256,-529472,-549824,-576768,-583936,-580864,-576000,-547968,-521280,-486656,-473792,-434944,-411648,-385920,-360128,-345728,-337856,-331136,-334656,-333632,-342336,-350080,-358848,-358912,-358016,-352448,-342080,-330368,-324864,-304704,-293888,-280832,-273216,-267136,-262080,-264128,-266304,-271552,-281984,-284224,-303104,-299904,-307008,-310336,-310592,-311424,-305472,-304128,-300352,-290944,-287296,-279488,-279168,-268992,-271296,-266624,-266112,-266432,-267200,-267776,-270144,-270400,-274112,-278656,-281728,-285696,-291776,-298176,-302016,-307776,-312256,-312192,-313856,-314752,-310656,-309504,-311552,-304576,-303680,-299904,-301056,-301056,-297664,-295616,-294848,-294144,-294592,-292672,-296064,-288576,-289536,-286208,-285568,-283392,-280896,-280192,-277888,-277440,-274176,-274944,-272000,-273664,-271104,-271680,-272064,-272704,-272576,-272320,-272128,-275008,-275136,-274496,-275712,-276736,-277056,-279104,-280960,-276992,-279104,-280000,-280576,-282368,-283968,-280320,-285376,-286208,-285376,-285440,-286080,-286720,-290688,-287424,-288768,-289600,-288832,-288448,-289472,-287936,-287936,-287744,-287040,-288128,-287296,-287360,-285888,-288192,-287296,-286464,-289024,-287936,-289856,-289984,-288320,-289984,-290176,-289600,-293568,-290560,-295360,-293952,-295616,-297216,-300416,-297856,-301696,-301120,-301632,-298304,-300672,-299392,-295744,-292480,-282880,-282304,-268928,-262976,-252544,-247552,-236224,-229312,-222592,-219968,-218048,-216064,-217408,-220736,-230016,-236992,-240064,-254016,-269952,-278400,-286912,-301568,-312704,-320896,-324800,-330816,-335872,-339008,-336384,-339200,-338112,-335424,-332928,-325120,-322880,-320192,-317760,-311360,-304192,-304000,-299904,-296448,-296512,-289024,-289280,-285696,-283072,-279936,-281472,-274624,-275200,-275328,-273600,-269120,-269120,-272576,-267072,-270400,-268736,-266816,-271296,-267008,-271296,-268608,-270016,-270144,-271680,-274816,-274944,-276224,-277952,-278272,-280768,-281280,-285120,-282432,-285184,-286592,-287616,-288768,-286016,-287104,-286464,-289024,-285184,-289088,-285504,-282368,-284928,-283712,-284416,-283072,-282368,-282752,-282816,-278848,-281920,-283712,-284672,-288384,-287808,-286400,-288768,-288576,-288448,-290752,-294080,-290176,-292672,-291584,-290560,-291136,-292736,-292288,-292608,-289280,-288064,-287488,-289216,-285952,-285120,-284416,-280896,-279808,-280576,-280384,-277824,-277248,-275648,-276608,-274560,-273920,-273728,-276224,-272832,-277632,-280768,-279360,-284608,-284224,-287744,-288192,-289856,-288384,-294272,-294400,-295488,-294592,-295808,-297536,-291840,-291776,-292736,-290112,-291776,-287744,-285248,-286336,-281792,-284096,-281024,-281984,-283328,-280832,-282944,-285568,-286592,-285184,-286848,-289216,-288384,-291520,-292096,-292416,-291264,-290880,-294144,-292288,-291968,-292800,-289792,-289152,-287872,-287424,-283904,-284096,-282432,-284544,-283456,-280192,-279808,-279616,-282816,-280256,-280256,-283008,-284736,-283520,-286208,-286016,-286016,-288960,-288064,-289728,-289216,-293568,-291520,-293760,-290624,-291648,-290240,-291008,-292480,-290688,-289728,-289280,-287040,-284992,-284288,-287232,-284544,-283008,-288384,-282048,-280320,-281792,-282048,-279040,-280832,-279680,-280640,-276864,-278848,-279168,-278272,-275008,-280128,-276544,-280640,-278848,-280704,-281408,-280768,-281600,-282880,-281920,-283072,-286144,-284032,-286144,-282496,-286272,-286784,-284800,-289536,-286336,-286400,-290496,-289728,-290816,-287616,-288512,-290240,-287936,-290688,-291456,-290048,-288064,-286464,-288384,-290048,-288640,-285696,-289152,-285696
0,0,-286848,-288192,-285952,-288768,-286464,-286912,-287040,-289664,-287232,-286656,-288192,-286848,-286656,-287808,-291648,-287168,-288768,-287424,-287040,-288320,-286528,-286592,-285696,-287168,-288768,-288320,-288512,-284928,-286912,-287040,-286016,-286336,-286528,-285376,-283904,-278784,-277120,-269696,-260928,-252416,-235712,-215808,-195584,-156480,-125440,-63488,-43264,25920,56576,73088,94080,97600,82368,53376,24064,-17152,-82368,-133504,-231232,-300416,-344960,-410048,-443904,-489408,-536256,-560320,-582336,-581824,-586240,-576192,-554752,-522752,-501184,-473984,-431168,-408512,-382656,-352960,-342272,-329216,-329408,-326784,-330496,-344128,-349632,-352896,-359296,-359488,-354880,-350336,-338048,-323968,-314112,-298752,-291840,-274176,-267648,-265792,-262208,-264576,-269696,-280896,-286976,-292928,-297216,-305024,-306368,-306560,-306688,-304192,-306432,-299136,-294784,-286848,-280256,-277632,-274112,-270464,-267648,-269888,-268736,-266176,-269632,-270912,-274048,-277056,-279552,-289600,-287808,-294976,-300096,-302912,-305920,-308864,-309632,-309760,-308608,-308096,-309312,-303552,-302912,-302400,-302208,-297856,-301376,-297664,-298688,-298816,-295872,-295232,-294528,-291200,-292864,-289472,-288704,-285568,-282112,-280064,-281856,-278528,-277312,-276608,-273280,-274112,-273344,-274176,-271424,-272960,-272832,-274048,-273408,-272064,-276096,-275392,-275648,-272768,-276352,-278144,-276992,-279936,-281728,-281664,-279616,-280832,-283776,-283776,-282560,-283072,-284864,-287232,-284352,-288640,-288896,-287680,-286784,-288384,-288384,-287808,-287360,-288768,-286912,-287808,-286144,-288000,-286848,-287552,-285952,-286208,-285568,-286080,-288768,-288512,-288960,-289152,-289216,-291264,-288000,-291200,-292480,-293120,-292480,-291968,-294144,-296128,-294400,-297856,-300224,-301760,-301440,-301312,-301248,-300352,-297664,-297280,-293760,-287040,-278656,-270720,-261888,-252672,-244928,-237632,-227520,-224256,-218176,-214976,-213760,-217984,-221696,-225984,-234688,-242496,-255360,-262080,-281472,-295168,-298752,-315392,-320960,-326912,-335040,-341248,-340352,-343104,-338560,-339136,-335808,-332096,-326336,-323584,-319232,-312640,-311040,-306304,-300928,-298624,-296256,-293312,-291392,-289920,-285888,-281600,-280000,-278912,-277632,-272576,-274240,-271488,-272192,-273088,-267840,-272320,-269056,-265728,-268352,-270336,-273984,-270144,-269248,-268928,-270528,-271424,-274368,-275968,-272832,-281152,-278144,-278720,-285504,-283776,-284544,-284416,-288576,-287616,-286144,-289792,-286848,-290176,-286144,-288512,-290432,-283200,-287040,-286336,-286016,-283840,-279936,-282688,-281792,-281152,-282176,-280576,-281600,-284096,-285248,-284288,-285184,-287872,-287104,-286912,-289792,-289088,-291072,-293184,-291904,-292544,-292672,-292928,-290368,-290688,-289536,-289088,-289984,-288320,-284352,-287424,-287296,-282816,-282880,-279616,-277824,-278720,-274944,-276288,-275520,-272896,-274752,-272704,-275072,-276224,-277568,-276096,-283392,-282560,-283136,-287296,-289664,-287808,-290176,-292736,-292864,-297664,-292608,-297024,-295360,-296512,-292736,-292416,-290432,-288640,-288192,-286592,-282048,-283328,-282048,-282496,-280704,-283136,-282048,-282240,-283328,-286464,-285824,-285312,-289088,-289088,-291968,-290816,-291200,-292864,-295680,-294528,-289984,-293888,-290624,-286784,-288192,-287360,-284224,-287104,-284736,-282496,-280896,-282944,-279616,-283136,-280384,-281280,-279936,-281728,-283008,-283904,-284032,-284608,-285760,-287872,-290112,-288320,-289088,-288128,-291136,-290496,-292864,-292544,-291520,-294016,-292416,-290880,-290560,-289792,-290432,-286848,-287680,-288256,-283968,-283008,-285696,-283392,-284096,-281216,-281920,-283264,-281664,-280384,-279168,-278336,-277184,-279616,-278336,-277888,-278592,-280512,-280576,-276416,-278528,-280128,-280128,-278464,-282944,-281792,-282176,-281792,-284224,-284736,-285504,-285824,-287296,-286464,-287936,-288704,-288832,-285504,-290944,-290752,-291008,-291328,-289536,-291520,-290624,-288320,-289664,-286528,-291136,-287232,-288320,-289088,-288768,-286912,-286656,-285568
0,0,-288000,-286528,-284160,-290368,-287168,-289920,-285888,-291904,-286336,-290048,-288640,-286784,-287296,-288960,-286976,-288512,-286848,-288448,-288192,-286336,-290816,-288128,-291456,-286336,-288832,-288512,-287936,-288064,-287424,-285632,-286784,-286208,-284672,-285504,-282752,-280704,-274944,-273728,-264064,-249280,-241984,-219136,-194112,-159424,-130624,-67456,-44480,20672,49280,75584,99008,102016,80704,60416,16128,-43584,-81984,-153536,-223232,-290880,-339328,-401344,-445312,-504768,-532288,-560064,-583232,-589824,-588480,-578368,-553472,-517120,-507328,-457088,-440448,-397632,-381376,-360576,-333824,-328128,-323776,-325952,-331840,-336768,-344000,-353408,-357312,-358016,-363072,-352256,-347712,-329600,-315072,-307648,-296128,-280704,-270976,-265856,-264320,-263680,-267008,-277632,-282944,-285248,-294912,-301696,-305728,-303808,-304768,-303104,-302208,-298432,-292672,-288320,-282944,-278016,-276416,-271360,-270400,-268800,-270336,-270080,-268544,-273088,-275072,-279488,-283456,-287168,-292416,-295424,-297984,-303104,-303936,-307072,-308032,-305472,-306624,-301888,-302912,-302400,-302592,-300416,-298816,-299584,-300480,-299328,-297984,-297536,-297728,-297472,-296064,-293696,-293376,-291840,-288960,-286528,-282432,-282880,-280896,-280000,-277312,-276096,-275200,-275392,-273728,-272960,-273536,-271808,-272064,-270336,-273408,-270976,-272576,-276736,-273856,-276032,-276032,-277376,-280128,-278464,-280768,-280576,-278784,-283008,-284032,-279680,-285696,-286144,-284992,-286144,-288192,-285760,-288064,-287872,-288192,-286464,-286208,-290944,-288128,-288128,-289344,-284224,-288256,-287936,-286144,-287552,-285056,-288064,-287424,-287936,-289856,-290496,-287424,-290176,-289216,-287424,-289984,-290304,-291648,-291968,-291328,-295104,-293376,-293504,-298304,-296128,-300608,-301696,-302848,-302400,-301184,-302080,-297152,-295808,-290944,-284480,-277760,-271360,-263104,-250944,-244224,-243072,-226624,-220096,-217280,-212800,-214400,-216512,-217792,-226496,-230912,-242560,-254656,-264832,-279104,-293568,-303104,-314112,-324160,-331968,-337472,-341056,-344448,-341120,-341504,-337856,-335168,-333056,-327808,-321088,-319296,-313088,-306624,-303168,-301504,-298496,-293824,-291904,-289920,-285696,-284672,-281024,-283648,-277952,-275840,-275840,-275648,-271104,-275200,-273856,-270720,-269952,-268800,-266880,-269504,-270912,-269312,-268544,-272512,-267584,-269888,-271488,-274112,-273984,-273984,-279872,-279616,-280512,-280448,-285184,-286464,-283328,-288512,-289536,-287744,-289664,-287488,-289344,-290496,-287872,-289472,-288832,-286656,-286464,-284160,-285760,-286400,-284096,-284096,-282304,-283008,-280256,-282880,-282304,-282432,-284096,-285504,-284032,-284800,-285504,-288832,-287872,-289984,-290496,-290560,-292160,-292352,-289728,-291072,-290688,-289536,-292160,-290112,-289536,-288064,-286976,-284544,-284160,-280064,-282496,-281536,-276736,-277696,-276544,-274496,-276736,-275264,-273984,-277568,-277248,-276288,-281024,-281728,-282752,-288256,-285120,-288640,-290752,-290240,-295616,-291904,-295040,-294592,-293248,-293632,-294592,-292736,-289600,-289472,-288128,-286848,-284928,-282496,-285184,-279936,-278656,-280832,-281152,-281920,-282112,-282368,-283200,-287104,-285120,-288832,-288768,-292928,-289216,-292672,-293568,-295168,-290432,-289920,-294208,-293312,-288896,-291264,-287040,-288576,-283584,-284800,-283456,-281856,-283648,-283136,-280832,-279552,-282112,-278144,-280512,-283520,-282432,-283840,-286848,-283200,-287424,-287104,-291456,-288384,-289856,-289920,-291584,-291648,-290560,-290176,-292992,-290496,-291264,-292032,-293312,-290624,-289088,-287040,-287040,-284864,-286784,-285952,-284352,-282880,-282176,-282368,-280512,-280704,-276864,-277824,-280192,-278528,-277312,-279872,-277312,-277312,-280064,-277312,-278656,-278400,-277824,-279936,-280000,-278208,-283776,-282624,-282816,-282624,-285056,-284416,-285760,-287232,-287488,-287744,-287680,-289344,-288448,-289408,-288704,-292032,-288960,-288704,-289984,-291072,-290112,-287040,-287168,-290752,-287488,-287616,-286912,-290368,-287040,-289472,-286208
0,0,-284032,-286016,-286848,-287936,-286464,-286656,-285056,-290560,-285312,-290560,-284800,-287360,-288896,-286272,-286976,-289536,-286848,-286208,-290752,-288256,-290240,-289600,-288384,-286784,-289600,-289280,-287936,-288128,-287616,-284736,-284416,-288064,-283392,-286336,-281472,-281984,-275520,-272448,-264320,-253504,-242688,-213888,-194304,-170048,-117824,-76864,-28096,24000,53312,82752,100672,101376,89600,67136,24960,-43840,-84288,-134848,-219008,-284992,-343360,-418624,-463808,-507904,-540608,-558848,-585664,-590592,-587968,-574272,-553472,-529216,-509184,-469184,-420480,-408576,-382784,-357440,-333696,-324032,-320768,-318784,-326080,-341248,-343040,-350656,-357504,-359616,-359872,-357440,-347520,-333376,-323072,-311744,-295488,-281408,-276224,-265600,-262336,-262784,-264832,-273344,-281536,-283200,-289536,-297088,-302016,-304704,-305664,-301312,-300224,-299456,-293184,-289984,-281536,-282368,-278208,-271488,-272960,-270976,-270656,-271104,-271936,-274752,-277888,-281344,-285376,-289280,-291264,-296384,-300288,-302528,-304256,-304064,-305088,-303488,-300160,-300352,-303488,-299840,-301248,-297600,-299072,-299456,-297984,-300352,-300544,-296640,-299904,-296128,-294976,-292480,-294720,-291840,-289152,-287744,-283904,-283008,-281600,-279616,-278464,-275712,-275840,-275840,-272896,-272192,-272512,-270464,-272064,-269952,-270848,-273856,-270976,-273920,-274880,-273152,-275840,-276800,-277568,-279744,-279808,-282240,-281088,-281024,-283456,-282176,-288192,-287040,-287040,-285248,-285888,-290880,-287104,-289344,-289216,-286848,-288576,-288192,-290048,-286336,-286912,-284160,-285824,-287680,-286208,-285952,-286144,-285376,-287488,-287808,-288704,-286336,-289536,-291264,-286976,-288960,-289344,-289856,-290624,-293056,-293248,-294016,-295488,-295872,-297792,-299968,-299456,-300800,-304064,-302976,-304064,-300864,-299584,-297216,-294464,-283264,-280128,-269760,-265920,-258048,-250368,-232640,-228672,-218816,-214016,-212544,-210560,-213504,-219904,-226112,-235712,-243584,-253952,-269568,-281280,-292096,-308480,-323200,-329088,-331264,-342080,-346368,-343424,-342784,-341696,-339200,-333120,-328000,-324032,-318464,-312384,-310848,-307456,-303168,-298880,-292672,-290496,-290112,-288256,-284288,-287744,-282432,-280704,-280960,-279104,-277376,-275456,-274944,-273216,-271424,-273856,-271104,-268416,-270656,-268928,-270336,-269824,-269376,-267584,-269952,-269376,-272640,-269568,-272128,-278976,-272640,-281280,-280320,-283264,-283840,-285952,-286208,-286720,-287744,-288384,-291328,-288640,-290560,-289600,-290368,-290560,-288896,-289408,-287104,-288192,-282880,-284608,-287488,-283200,-281088,-282048,-282560,-281600,-281088,-283264,-284160,-283712,-282880,-284608,-286720,-285440,-287616,-289408,-290112,-289664,-291392,-290112,-291200,-291456,-292416,-289920,-291456,-289920,-290176,-288640,-287616,-285248,-285952,-280704,-280832,-282240,-277952,-277568,-280704,-278848,-275136,-272512,-275904,-273984,-275712,-279232,-279360,-284352,-281344,-287680,-288768,-288384,-290944,-292480,-294272,-295232,-295040,-293568,-292608,-297344,-296128,-290432,-291648,-292224,-289088,-285056,-285312,-283136,-279872,-280320,-282432,-279936,-282432,-279424,-283072,-281920,-283840,-286400,-286784,-289280,-292224,-289408,-292288,-291456,-292800,-291136,-292736,-293632,-294144,-292608,-289728,-288384,-287872,-285312,-288832,-282816,-285376,-283968,-282112,-283392,-281792,-279872,-281664,-280320,-280576,-282624,-285056,-283712,-284480,-286272,-283776,-288768,-286720,-288640,-290048,-291648,-292032,-291584,-292608,-289472,-291840,-292288,-291200,-290496,-289344,-289536,-287616,-289088,-286848,-288064,-284480,-286592,-282880,-284928,-285248,-282240,-281088,-280384,-281408,-281920,-275520,-278592,-275712,-278784,-279168,-278656,-275840,-277696,-277440,-280896,-281088,-281088,-279808,-281152,-281600,-280512,-280768,-280576,-284288,-281664,-284352,-287424,-283328,-288320,-285760,-288512,-287744,-286784,-290176,-288384,-290560,-288768,-289600,-289728,-291648,-289728,-291392,-289536,-290816,-292288,-287360,-287296,-288832,-288064,-285696
0,0,-288704,-285760,-288384,-285952,-287040,-285376,-288064,-288896,-286848,-285632,-288704,-285056,-290048,-287104,-288192,-286336,-288192,-284800,-289792,-286656,-287808,-287360,-285120,-288000,-289600,-286336,-289024,-285888,-288640,-284608,-287488,-285888,-286592,-286080,-280704,-282048,-275584,-272384,-265216,-258752,-238400,-214272,-193344,-164288,-124864,-80768,-33984,20352,60352,84224,104512,105152,93760,60352,30144,-37632,-89856,-143360,-211968,-287808,-352832,-392960,-454848,-511808,-549120,-573824,-590720,-593920,-593472,-581440,-559360,-528448,-505024,-473472,-426496,-397952,-374912,-347648,-328384,-317440,-314496,-316288,-319744,-334080,-337664,-351104,-357568,-362048,-362112,-354432,-349248,-335872,-325568,-308224,-304448,-280512,-273344,-264384,-263552,-265600,-263616,-273664,-281728,-282496,-292032,-296320,-301952,-305024,-303552,-300864,-301568,-299840,-291456,-289152,-285248,-281728,-274624,-276480,-271936,-271936,-273856,-270720,-277184,-276224,-279360,-281728,-283264,-289664,-292544,-297024,-299584,-300288,-300928,-302592,-301120,-306496,-302016,-301760,-300096,-298304,-300800,-298048,-299264,-297472,-299904,-296960,-302336,-297600,-298752,-295488,-300032,-291968,-292288,-290048,-292480,-289664,-285056,-282048,-283968,-278464,-276672,-276736,-277568,-272512,-273024,-274752,-273280,-269952,-273536,-269760,-270528,-272512,-272576,-273792,-273280,-276480,-277440,-278016,-276416,-281728,-279104,-280576,-280960,-282624,-286656,-283264,-286016,-285120,-286912,-289344,-288000,-288832,-287872,-288384,-288320,-288000,-288896,-285824,-286400,-287872,-287808,-285056,-284672,-285632,-284608,-285312,-285184,-288128,-285632,-287488,-288704,-285312,-287872,-288192,-289408,-289472,-293504,-292608,-291520,-293376,-291776,-296384,-293824,-295424,-299008,-298880,-300416,-297664,-302016,-301312,-303360,-302208,-299072,-295872,-291328,-286656,-278400,-271936,-262144,-251328,-242176,-234688,-227200,-219456,-214976,-211968,-209728,-212928,-219392,-223808,-234624,-244032,-261760,-269504,-284288,-296000,-307008,-321152,-329536,-336320,-340224,-344256,-344640,-344128,-341760,-337984,-335424,-331456,-327296,-321216,-313216,-307968,-305408,-299392,-298944,-294592,-291072,-288896,-288448,-285056,-284288,-281728,-282304,-278464,-277696,-279104,-275456,-273792,-270848,-273344,-272448,-270976,-271424,-266112,-271680,-270656,-269184,-269888,-269312,-268288,-270592,-274432,-273088,-272960,-271936,-276928,-280384,-280000,-282112,-282048,-283776,-285952,-285760,-288320,-288576,-292608,-289152,-291712,-291904,-288192,-288576,-290368,-288192,-287168,-289088,-285312,-284480,-285312,-284288,-284800,-280832,-284352,-283392,-282112,-282816,-284864,-283392,-284352,-284416,-284032,-285056,-283072,-286464,-291968,-288704,-290368,-289984,-289408,-290176,-291072,-291840,-288640,-290176,-288576,-287168,-286656,-286976,-283072,-283328,-280320,-281728,-280064,-280768,-277120,-275840,-276928,-278720,-275136,-277824,-278208,-280768,-281024,-281728,-285440,-286016,-287424,-288896,-291008,-293312,-295040,-294528,-294464,-297664,-295360,-293888,-291776,-291520,-291200,-287360,-288576,-287616,-281472,-284480,-281792,-283392,-279616,-278656,-283648,-280704,-282240,-283200,-285440,-285312,-285568,-288640,-289024,-289472,-294272,-289856,-293120,-292480,-292288,-291520,-290688,-291712,-289600,-286912,-288832,-287104,-286784,-283712,-286144,-281408,-281664,-281984,-282432,-281152,-278528,-282112,-277696,-283520,-283328,-281472,-285632,-286336,-286336,-286784,-289152,-286720,-289856,-292480,-290048,-291200,-289536,-294528,-291264,-290880,-293440,-291008,-290368,-291456,-288192,-287616,-289472,-287232,-288128,-284224,-284480,-282496,-284096,-281920,-281920,-277504,-283328,-279424,-281536,-276992,-277696,-278592,-278720,-279232,-280640,-276992,-277312,-277440,-278208,-279360,-280192,-279552,-283968,-278144,-282176,-282432,-282816,-285760,-286208,-284160,-286080,-288192,-287424,-286976,-287936,-290176,-289472,-290560,-289088,-289728,-290304,-291264,-286400,-291328,-291584,-290880,-290432,-290112,-288896,-290240,-288768,-288576,-286080
0,0,-286080,-290176,-284288,-288704,-285312,-289664,-286976,-286336,-289536,-287424,-285888,-288320,-287808,-286528,-288064,-285184,-288768,-287744,-286144,-285952,-286336,-287936,-288064,-289280,-287552,-287168,-288512,-286592,-288128,-285952,-284416,-285888,-285888,-288000,-284096,-281280,-274624,-273280,-262208,-253312,-237248,-213632,-180096,-156416,-123392,-91776,-42688,19328,67392,87040,101120,106304,98688,62976,32704,-53504,-87168,-149760,-218176,-317824,-352256,-419648,-471040,-501312,-555008,-580096,-595968,-600064,-595264,-586432,-558144,-537792,-510080,-465088,-428928,-400000,-373248,-335104,-327872,-312960,-308224,-311424,-320832,-327424,-340096,-345856,-357952,-359808,-360640,-357056,-353856,-338368,-324736,-310336,-302208,-285248,-274496,-268608,-265088,-264576,-265408,-275776,-279936,-288064,-291840,-295808,-300928,-301504,-299456,-301120,-298496,-296768,-292288,-289984,-284608,-281984,-277632,-275968,-274240,-274688,-271232,-276992,-276928,-280896,-279296,-284096,-285248,-286848,-291392,-296256,-297728,-298816,-301184,-301312,-301632,-303232,-302336,-300352,-298560,-298880,-296832,-299136,-298496,-294848,-297984,-298304,-300160,-298624,-297536,-298880,-297472,-292416,-295104,-292352,-290944,-290112,-285760,-285824,-284160,-280192,-278208,-278080,-275904,-276800,-274752,-273536,-272768,-272064,-273152,-270080,-271936,-271552,-272576,-275584,-273664,-275392,-276928,-277312,-275840,-279488,-280768,-280384,-281536,-283584,-285184,-282752,-283648,-288704,-286272,-286848,-288704,-289152,-287232,-288896,-288896,-290752,-285248,-288896,-286784,-285440,-285184,-284160,-284352,-283840,-287168,-285760,-284800,-285824,-286912,-290368,-285312,-291328,-290176,-288512,-289024,-290304,-292352,-291584,-292736,-294400,-293120,-295744,-295040,-297536,-295808,-302208,-298688,-300032,-299776,-304320,-302528,-303232,-300608,-296128,-291072,-288384,-280384,-270464,-261696,-251264,-242304,-233408,-225856,-217472,-210816,-208192,-212160,-211392,-216512,-224384,-233984,-243392,-258624,-273472,-286464,-298304,-311744,-327936,-327680,-337792,-342848,-345920,-349760,-343296,-341056,-337920,-333440,-329344,-322496,-317696,-314304,-307264,-305920,-300096,-295296,-291072,-291072,-288384,-287616,-281728,-283840,-279168,-281088,-278912,-278528,-275200,-279040,-270848,-271296,-275072,-272512,-271680,-268352,-271040,-270080,-271424,-271296,-268672,-268928,-267904,-268288,-270336,-271616,-272192,-275456,-274816,-279424,-278592,-279104,-282432,-284800,-283200,-287360,-288576,-288320,-291008,-289600,-288448,-291904,-288768,-291968,-291072,-290176,-286720,-289664,-287168,-288000,-285696,-285568,-286656,-285120,-285952,-283392,-282432,-286016,-282432,-284096,-281920,-286848,-282368,-287296,-284544,-286144,-286464,-285376,-288896,-286464,-287872,-289664,-291008,-287296,-289664,-289536,-288064,-287232,-286144,-286528,-286720,-281920,-281728,-282496,-278080,-278656,-277504,-278592,-277824,-278016,-278464,-278272,-280384,-279168,-279488,-281920,-286592,-285056,-287680,-291008,-291392,-291968,-292096,-297472,-293888,-295424,-297152,-293632,-294592,-294400,-292288,-290176,-287680,-286144,-283648,-281408,-280832,-281728,-279616,-279488,-280384,-279680,-282752,-280832,-284928,-288128,-282432,-291328,-288896,-291712,-291008,-292736,-292736,-289664,-292864,-291136,-292160,-287552,-288640,-290304,-287168,-288512,-287040,-283648,-283840,-284480,-281728,-282048,-279104,-282944,-280896,-281472,-279360,-283456,-281920,-285504,-283840,-285440,-285888,-286848,-287232,-291648,-288832,-290240,-289024,-290304,-289216,-290432,-290496,-293376,-292736,-292352,-289728,-289728,-287808,-289216,-286016,-286848,-287104,-285888,-283584,-284224,-283840,-280000,-282944,-278272,-280896,-278144,-280320,-277312,-278016,-278336,-277120,-277888,-277888,-276672,-277888,-277376,-281152,-277312,-278784,-276096,-279296,-282176,-280960,-282624,-285184,-284416,-283904,-287552,-284928,-286656,-287360,-288640,-288000,-288064,-289472,-289920,-288256,-291456,-287680,-290880,-291008,-288448,-292416,-291648,-289920,-287936,-290688,-289856,-287744,-290624,-286272
0,0,-288960,-286016,-286976,-286336,-287552,-288512,-287168,-288768,-284800,-287616,-286464,-287168,-290176,-286016,-287808,-287744,-289344,-287424,-287552,-289152,-287808,-288384,-289984,-290304,-287808,-288064,-287808,-286208,-286016,-286848,-286400,-287488,-287104,-281920,-284096,-280064,-276864,-269312,-265408,-252544,-236096,-212992,-197440,-156288,-116928,-94656,-49472,29504,69952,85440,107520,109632,95808,68096,7680,-38656,-82432,-127616,-213184,-302784,-374080,-428416,-471936,-525632,-548096,-581376,-597760,-605440,-602112,-586944,-561152,-540864,-510656,-472320,-426432,-405760,-365696,-344192,-319552,-308480,-303360,-310784,-312512,-321728,-332480,-344320,-353664,-358400,-359552,-356224,-349568,-338048,-327616,-316608,-301312,-291264,-279680,-269248,-271936,-268928,-270720,-278080,-279488,-288000,-293888,-298048,-298176,-300992,-299520,-299712,-296064,-291584,-288704,-286592,-284416,-282176,-280960,-275712,-276096,-276352,-276864,-276288,-279616,-278848,-281984,-283456,-286784,-289152,-291072,-295232,-295168,-299584,-299392,-302336,-302912,-300416,-301248,-297472,-295552,-296960,-294208,-294144,-298240,-296192,-296896,-298944,-298880,-299520,-299712,-297472,-294720,-296128,-294336,-291904,-289984,-290304,-287808,-284864,-281600,-281472,-281024,-277120,-275328,-276352,-276736,-272448,-275072,-271232,-271808,-272256,-273280,-275072,-271488,-270976,-274688,-275200,-274688,-277568,-277888,-278784,-277632,-279872,-281024,-284416,-283968,-285888,-288256,-285824,-289024,-288832,-288320,-288448,-287616,-287232,-287488,-286912,-288000,-286720,-285312,-287936,-289152,-283456,-284608,-281984,-284480,-283584,-282624,-283264,-287232,-285696,-286208,-288192,-290176,-290304,-289280,-291904,-288640,-292288,-294208,-295744,-292160,-295232,-295616,-296192,-295296,-298688,-298496,-301568,-304192,-300800,-301952,-300352,-301440,-294912,-290176,-287488,-275584,-270080,-260160,-252160,-240448,-229760,-225152,-215872,-211968,-209216,-209856,-212288,-221568,-225280,-238528,-241408,-253568,-269312,-286976,-297024,-311232,-328576,-333440,-340544,-343296,-345984,-345984,-343232,-341376,-336192,-333184,-323008,-324032,-316096,-312128,-305920,-303296,-299840,-294208,-291456,-287360,-288256,-284288,-284224,-284672,-281792,-279552,-279296,-277248,-278144,-277632,-275008,-272192,-274240,-271872,-273536,-267584,-272192,-270208,-268416,-271360,-267584,-272384,-269120,-273280,-271040,-272512,-273088,-274176,-275712,-276224,-276544,-280960,-277696,-282240,-285888,-284480,-288896,-287424,-291328,-289856,-291520,-291456,-290880,-289984,-290304,-294144,-289600,-289664,-290112,-288192,-287744,-286080,-282752,-288384,-283776,-285056,-283712,-284160,-282368,-283456,-281152,-282880,-282944,-284864,-284032,-289152,-281984,-285888,-286656,-287040,-288128,-288000,-288000,-288896,-287168,-288768,-287744,-287808,-287936,-286400,-285248,-282368,-285120,-281280,-281472,-277760,-279296,-277888,-276800,-278336,-274432,-279936,-281152,-280960,-279808,-284032,-284160,-289536,-288512,-288256,-292608,-292672,-295936,-293632,-296832,-296576,-295168,-293440,-293952,-293632,-291200,-289472,-286080,-285056,-284352,-284544,-281664,-281088,-278656,-277696,-280384,-282752,-281280,-283904,-284416,-285120,-285056,-289344,-288448,-291136,-290176,-291968,-292800,-291200,-291200,-289344,-291968,-286912,-290752,-289600,-287296,-286720,-283008,-284096,-285312,-280640,-282496,-281856,-281216,-278016,-281920,-283392,-283008,-285184,-282752,-282432,-285824,-289024,-286464,-286976,-288512,-291328,-289408,-291648,-287808,-290112,-290624,-292224,-290368,-290624,-289856,-294144,-292992,-290112,-289280,-287232,-285632,-289600,-287296,-285312,-285376,-283200,-283200,-282880,-281216,-282816,-280896,-278464,-281280,-278848,-278272,-276160,-279360,-276352,-276416,-278912,-277504,-276416,-279296,-278976,-280576,-278848,-280256,-280512,-281024,-285056,-281856,-282944,-285568,-284736,-286400,-287360,-286400,-287680,-290432,-289408,-288448,-288896,-287744,-291712,-290752,-288448,-292672,-290944,-293120,-291328,-289664,-288896,-290560,-288704,-291008,-290112,-289664
0,0,-288640,-284800,-287232,-287424,-285120,-287744,-286144,-288512,-288320,-285888,-289216,-286848,-286784,-287936,-288000,-286400,-287552,-288128,-289088,-289216,-285888,-287040,-286592,-287104,-286656,-286528,-288512,-288896,-285120,-287360,-286848,-285888,-285568,-284224,-283072,-283776,-274816,-270784,-261184,-252032,-239040,-214144,-195520,-146752,-124288,-68352,-18816,9728,64320,84416,112192,110912,94336,62720,27904,-28800,-79680,-155328,-227776,-292608,-348672,-405504,-471744,-530176,-561216,-572416,-601088,-607296,-604544,-594112,-571136,-549056,-502464,-476096,-432448,-403648,-369664,-339136,-320256,-310656,-302784,-303552,-310080,-317248,-329856,-338432,-348608,-352960,-357504,-350336,-344000,-334272,-329984,-312256,-302464,-291328,-281792,-281152,-273280,-273152,-277248,-282496,-281280,-288640,-293056,-295616,-296128,-296512,-295616,-295360,-293184,-290560,-288576,-285632,-282176,-283008,-279552,-280384,-281600,-276800,-280192,-280768,-279488,-280128,-282176,-283136,-287424,-288128,-292096,-293504,-294976,-297600,-300992,-302976,-298624,-301440,-301120,-300608,-295104,-299072,-296832,-296832,-295680,-294784,-297792,-298240,-299392,-296640,-297216,-295936,-297664,-296704,-293120,-290880,-291392,-288768,-286336,-286656,-285312,-283008,-280512,-279744,-275264,-275584,-273280,-272384,-271936,-272384,-272000,-275264,-271552,-272448,-273600,-270912,-272832,-279360,-275584,-276096,-276800,-281088,-279616,-282048,-279104,-281984,-284800,-283520,-286016,-287616,-289728,-287616,-289792,-288384,-289280,-286912,-291328,-285952,-288256,-286208,-285312,-284032,-286016,-283776,-284224,-283840,-284672,-286400,-282688,-284544,-286656,-284672,-287040,-288960,-289728,-288768,-291328,-290560,-291904,-292608,-291840,-292480,-294208,-293568,-293184,-296064,-298048,-300288,-301120,-300224,-301248,-302656,-301056,-301504,-299776,-297152,-292480,-286336,-276992,-274048,-261504,-252224,-242112,-233856,-223296,-216064,-212800,-209280,-210176,-213440,-225088,-227072,-233024,-249920,-258368,-276096,-287616,-301760,-314688,-329536,-334208,-342400,-343744,-346368,-345920,-346688,-342784,-336832,-328832,-330496,-320704,-315648,-310784,-304704,-302592,-297216,-294912,-290176,-287552,-285824,-283264,-284416,-283136,-282880,-278592,-279552,-277184,-277056,-275648,-273984,-277184,-274560,-273600,-273152,-273920,-270784,-270592,-269824,-270272,-269696,-274048,-270976,-271488,-271104,-272192,-273472,-277056,-274752,-278592,-275264,-281216,-284160,-283456,-286272,-286272,-289344,-288768,-288064,-292096,-292608,-293376,-291264,-292928,-293632,-291008,-290432,-290688,-290432,-288640,-288768,-286784,-287232,-287872,-286656,-283008,-283968,-280640,-283264,-282176,-280256,-284288,-282304,-281280,-285312,-280768,-286016,-286208,-286784,-286016,-288192,-286976,-286784,-287680,-288256,-286336,-288448,-288640,-284992,-286464,-284608,-283456,-282880,-282304,-281216,-280256,-277760,-278400,-279296,-279424,-276736,-278912,-281152,-278400,-282304,-286272,-285568,-287168,-287488,-289984,-294528,-294464,-294208,-295424,-293952,-293632,-294080,-292608,-292352,-293312,-290688,-289600,-286528,-286848,-285056,-282880,-282752,-282688,-281728,-282112,-281984,-280256,-283968,-282112,-283840,-285056,-286848,-287936,-287680,-289792,-295040,-290560,-290368,-294464,-291456,-291264,-293248,-289216,-289344,-290880,-287360,-285184,-285056,-284864,-284288,-282816,-283008,-281280,-283776,-281280,-281664,-283840,-280384,-283648,-282112,-284096,-283008,-287424,-285120,-285952,-287168,-289600,-289664,-285376,-290944,-290944,-288768,-288704,-292864,-291264,-288512,-288640,-291264,-288256,-291584,-289664,-288704,-288192,-286784,-285056,-284992,-283840,-284096,-282880,-281216,-280896,-281344,-279936,-277184,-281024,-280256,-276224,-275712,-277120,-276544,-278720,-275328,-279936,-279360,-277184,-278592,-280128,-279936,-276800,-282304,-281728,-279360,-280960,-283136,-284160,-283968,-286336,-285120,-290496,-288000,-285632,-289152,-290240,-286912,-292736,-291648,-290176,-292288,-291328,-291648,-289664,-291328,-291008,-292288,-290880,-291904,-288320,-286976
0,0,-284672,-289408,-285632,-287360,-286528,-287168,-286592,-288128,-287104,-287680,-287616,-288064,-286208,-286912,-284672,-286080,-289472,-288448,-286144,-289088,-290624,-287616,-289728,-286848,-288256,-287168,-288128,-285312,-285696,-286400,-288640,-286208,-286976,-284160,-282496,-281280,-273472,-271424,-260800,-253696,-240768,-214080,-193152,-158848,-129984,-79296,-29696,16832,57984,90112,110144,113920,87680,73664,37504,-32448,-90688,-158784,-219584,-301568,-336576,-431360,-455936,-506624,-557632,-580736,-602496,-613312,-608576,-599616,-570304,-543680,-513408,-470656,-448384,-404096,-376896,-342016,-325760,-305600,-298944,-299200,-303232,-315136,-322240,-331072,-340032,-348032,-346432,-345856,-340736,-334272,-322112,-313664,-311168,-297408,-291840,-287296,-278912,-281024,-286912,-287488,-290688,-292352,-295168,-294208,-295808,-291904,-294656,-289792,-288448,-288640,-285056,-281408,-281600,-282560,-280256,-283584,-280832,-284032,-281408,-284608,-284288,-280384,-284480,-284544,-284736,-287296,-291008,-290624,-294208,-297920,-299648,-299584,-300032,-301632,-298432,-298944,-299968,-297408,-296896,-296128,-294592,-296064,-296576,-297216,-299584,-296768,-297408,-294912,-295040,-294720,-293760,-293376,-292288,-285504,-288704,-286080,-282496,-279808,-282560,-277184,-280128,-275264,-275968,-271808,-271424,-274176,-275904,-273152,-272000,-270144,-275136,-273024,-275072,-271872,-277376,-276928,-275136,-279488,-281024,-282624,-280000,-282880,-285952,-284096,-284672,-287936,-288960,-288832,-288512,-287040,-288320,-289600,-288000,-288000,-286336,-285568,-289600,-286016,-286464,-282560,-284160,-283200,-285760,-282688,-284416,-284864,-286720,-285184,-286464,-285952,-287424,-290496,-289024,-290816,-291584,-295040,-290880,-294080,-295808,-292352,-297600,-295936,-298688,-299328,-300160,-300992,-302144,-302528,-303744,-301056,-302400,-292800,-294208,-284352,-280064,-269952,-261504,-245824,-240128,-230848,-223424,-218880,-209920,-210368,-207296,-211456,-221696,-228736,-237184,-244800,-262144,-278720,-292416,-306624,-317760,-331392,-338176,-340736,-344320,-347200,-344960,-346944,-339328,-335744,-332096,-323456,-318208,-312320,-308352,-303424,-296896,-296256,-292288,-289344,-286400,-286784,-283968,-283904,-280320,-282624,-278272,-278272,-276800,-278336,-275072,-275008,-276480,-273152,-273088,-273920,-272448,-269568,-270144,-271040,-271232,-267456,-272576,-271744,-268992,-274368,-270272,-273984,-278912,-275136,-278208,-275840,-279488,-284992,-285504,-284288,-287232,-289088,-288064,-287872,-291584,-291392,-289408,-294144,-289664,-293376,-291456,-292096,-289984,-291712,-288384,-290752,-286272,-285120,-286912,-284800,-286400,-285120,-280960,-283712,-282944,-281856,-280768,-282880,-281728,-280832,-281920,-283904,-280448,-286464,-286016,-284160,-283584,-285056,-286080,-289920,-286592,-287040,-288128,-285120,-286592,-286400,-283968,-282880,-284800,-278592,-279424,-280960,-279680,-278464,-280192,-281088,-280960,-280704,-282496,-284416,-285504,-287168,-289920,-289408,-291968,-294016,-292480,-296000,-292736,-296192,-295616,-297344,-296896,-292352,-292800,-289984,-288064,-286976,-286528,-284608,-281408,-282176,-279808,-278400,-278784,-280768,-279296,-280896,-283008,-286208,-284160,-287808,-289024,-289920,-289792,-292416,-290496,-293696,-290880,-294208,-288128,-291584,-286912,-289152,-286720,-287296,-283392,-285760,-280448,-285888,-281088,-284480,-283648,-283584,-280640,-283520,-284352,-286144,-284992,-283264,-288128,-283648,-286976,-284096,-286464,-290496,-288448,-288704,-290560,-290368,-289472,-290560,-290048,-288448,-290368,-290944,-292096,-288832,-289024,-291840,-287808,-288960,-289280,-288384,-286720,-283904,-287168,-284224,-283648,-282496,-282112,-282368,-280320,-280960,-277824,-279872,-277248,-277440,-278656,-278400,-277760,-279040,-278592,-274560,-279680,-275136,-280576,-279424,-281472,-280832,-278976,-282304,-281792,-286784,-282816,-284928,-283776,-286400,-289216,-287872,-289216,-288576,-291008,-289792,-290048,-291968,-289984,-291008,-291840,-289536,-292096,-290816,-293440,-288960,-291200,-292160,-291136,-288960
0,0,-284672,-285760,-285440,-286976,-287168,-286720,-285952,-288704,-289088,-288000,-287296,-284608,-290560,-287808,-285184,-288832,-288768,-286336,-288128,-288832,-287808,-285696,-286400,-288512,-287680,-289792,-286016,-288320,-285632,-288896,-285696,-286912,-284096,-283328,-282624,-281984,-275904,-274048,-264768,-257600,-240896,-220224,-200256,-156736,-123136,-66496,-27456,15744,53440,89024,111104,114816,105792,86528,40640,7040,-77568,-160512,-207104,-298880,-347840,-416384,-464384,-516672,-553792,-592768,-604224,-616640,-614208,-606336,-572224,-560320,-531264,-500992,-440768,-410240,-374592,-347776,-321088,-311168,-302912,-297536,-302272,-306176,-314560,-324160,-327872,-334784,-338752,-334976,-328768,-324160,-319808,-317248,-309184,-300608,-296640,-292480,-292096,-294784,-296320,-295936,-297408,-296064,-297088,-293696,-289792,-290560,-287552,-288064,-282432,-281472,-278208,-279040,-278464,-279680,-280320,-282752,-282560,-283840,-284864,-286144,-285120,-283968,-282944,-283264,-286848,-284032,-288768,-292800,-293888,-296128,-296960,-300160,-300928,-300992,-300032,-298752,-298752,-294784,-296448,-296640,-292160,-294272,-292928,-295808,-299200,-294208,-299456,-297600,-295872,-294720,-294720,-291328,-293056,-288320,-289664,-284608,-285376,-282176,-279040,-278464,-278272,-274240,-273088,-274560,-274112,-272384,-270144,-274944,-270976,-274048,-273664,-271296,-273536,-274240,-273472,-277120,-276928,-276096,-281344,-277888,-281408,-282496,-286080,-280704,-287360,-288000,-288640,-289728,-289792,-289536,-290944,-286336,-290112,-287488,-288512,-287680,-286848,-287872,-285056,-284544,-284032,-282880,-282112,-284096,-283712,-285888,-284480,-287616,-284992,-288576,-285632,-289408,-289472,-291264,-290304,-293824,-291520,-296384,-293568,-293824,-295744,-295936,-297344,-296960,-298176,-299008,-303680,-303424,-302400,-300992,-303232,-296768,-293888,-288384,-280384,-271040,-258496,-251584,-238528,-233472,-225344,-216064,-207424,-211008,-210816,-212352,-221696,-231488,-242624,-251136,-262912,-276992,-291712,-306304,-316672,-328576,-341376,-340224,-345024,-348928,-347456,-344512,-337344,-336576,-328256,-326080,-317568,-311808,-308800,-306176,-297216,-295616,-291136,-289024,-285952,-284800,-283456,-283648,-279168,-280896,-278912,-279552,-276800,-278464,-275072,-275200,-275328,-275392,-273728,-274816,-274432,-270336,-271360,-272960,-270912,-269440,-269568,-270336,-269888,-272448,-273920,-274112,-277760,-277184,-276992,-279552,-281920,-281408,-284544,-285056,-284096,-290048,-292096,-288128,-289984,-293056,-291584,-292672,-292864,-293184,-292736,-291136,-293376,-291264,-292224,-290240,-285696,-289344,-286912,-285504,-285120,-283584,-284416,-281536,-284608,-282240,-283136,-280768,-279744,-283648,-281472,-281600,-285120,-284032,-281280,-282816,-284416,-285120,-283840,-287744,-285696,-284416,-287936,-284160,-284928,-286528,-282368,-282304,-284416,-279424,-281024,-280640,-279104,-282176,-277888,-282240,-282048,-282176,-283328,-283840,-287360,-286400,-290688,-290496,-289088,-296128,-295424,-295424,-297856,-294656,-297664,-294592,-291264,-294912,-290368,-289344,-288192,-286656,-285696,-282432,-280320,-280640,-278208,-280640,-280512,-277184,-281792,-282240,-284480,-285568,-287552,-285248,-289472,-291008,-293888,-292288,-290752,-290688,-292352,-289728,-290880,-288384,-289216,-287808,-288640,-286720,-283968,-285440,-282944,-284800,-283904,-281792,-280448,-282688,-282112,-283840,-284032,-282240,-285696,-284992,-285120,-284032,-289664,-285504,-286720,-287744,-286528,-289600,-289088,-287424,-290240,-288128,-288704,-289664,-289600,-289088,-288832,-290688,-289600,-286976,-288896,-288064,-288000,-288704,-287424,-286400,-286336,-287424,-286336,-282048,-283776,-285056,-281536,-280128,-282624,-278912,-279424,-278976,-276672,-277504,-277504,-276736,-275712,-276160,-275648,-275200,-279360,-274816,-282432,-278144,-280512,-281344,-282816,-285696,-281216,-285504,-284608,-286592,-285376,-289408,-288640,-289600,-290048,-287360,-293376,-289664,-289344,-291776,-290368,-292800,-292672,-292288,-291584,-292544,-290752,-291584,-293056,-288512
0,0,-287104,-286720,-285760,-287104,-288000,-286912,-289024,-287232,-287680,-283968,-287296,-287872,-289408,-288448,-286080,-289088,-285952,-286080,-289664,-287296,-287552,-288768,-285952,-288192,-286592,-288000,-288896,-286528,-288256,-286208,-287040,-286080,-286464,-284608,-285568,-278336,-278528,-273024,-264768,-254848,-236032,-222016,-196224,-163840,-122624,-72704,-32064,11264,53888,89088,115584,114432,107136,90240,30400,-21376,-79872,-127744,-224256,-284352,-350848,-423616,-463872,-502976,-544832,-576960,-608000,-616320,-618816,-608192,-583360,-569024,-526528,-497152,-457024,-420160,-374848,-349952,-329856,-311360,-304000,-295936,-302080,-300224,-309504,-317120,-320064,-324608,-324928,-323008,-322944,-320384,-312640,-311680,-306496,-304512,-305536,-302208,-304896,-302720,-304704,-304448,-303744,-303040,-299968,-294528,-293120,-284032,-285248,-281152,-280128,-279680,-274176,-276096,-277312,-280000,-279872,-282880,-284992,-287296,-286784,-287872,-285376,-284928,-283904,-283648,-286272,-285376,-287360,-292160,-293120,-293376,-301312,-297216,-299968,-302400,-299904,-299712,-299584,-297088,-296704,-294784,-294784,-297728,-294272,-294976,-295232,-295808,-296320,-295744,-295552,-296128,-294784,-292288,-293312,-290176,-288128,-287232,-283904,-280960,-280512,-278912,-277312,-276736,-272640,-276544,-273344,-274048,-272320,-275264,-272192,-273408,-273024,-274816,-273024,-275008,-274816,-277696,-273856,-276608,-278016,-279488,-281472,-282112,-283264,-284032,-285696,-286272,-285504,-289152,-289792,-286144,-286464,-287424,-288832,-287040,-287744,-286912,-285888,-283200,-286592,-287488,-281984,-282624,-282688,-283584,-286080,-285504,-285312,-286592,-286784,-287360,-290176,-288000,-291008,-291520,-289024,-291328,-292608,-294656,-293312,-294144,-294016,-297536,-298048,-296384,-300544,-301696,-303232,-302912,-301952,-302144,-300352,-297920,-289728,-287936,-278208,-270400,-260352,-247424,-241984,-234176,-224000,-214656,-213056,-207616,-210688,-212608,-221568,-229824,-242304,-252800,-259328,-278720,-291648,-307584,-315072,-331712,-338432,-343552,-346560,-347840,-345024,-342400,-337984,-335488,-330304,-323456,-317952,-312000,-306112,-304576,-299008,-293120,-292032,-286144,-287744,-282496,-283584,-281920,-281152,-279104,-276992,-280128,-275968,-276928,-275968,-277888,-275136,-275008,-272064,-273472,-270848,-273152,-271872,-272000,-270272,-271872,-268864,-269888,-272384,-271232,-274176,-273280,-275072,-277184,-278912,-280128,-282176,-282304,-286592,-285440,-284416,-289600,-290368,-293440,-289792,-291264,-292352,-291712,-292800,-293568,-290944,-292544,-292160,-291136,-291520,-289344,-288960,-289344,-288896,-286144,-287488,-284224,-283712,-283712,-282560,-281344,-282752,-279744,-282816,-282304,-282112,-279488,-283072,-282688,-281600,-282560,-282688,-282816,-282816,-283648,-284800,-284352,-285184,-285184,-282176,-283712,-286400,-281344,-283392,-280192,-280704,-280320,-278208,-278336,-281984,-281472,-280320,-283392,-282816,-284928,-288192,-287104,-292288,-289664,-293248,-294592,-296832,-294208,-298048,-297088,-296640,-294592,-294848,-293248,-290752,-291456,-287872,-284544,-286592,-283392,-282304,-278592,-282112,-278272,-283904,-279040,-282112,-281792,-283456,-286528,-283072,-287680,-286144,-290240,-290368,-291328,-293312,-289600,-291520,-288768,-292864,-287808,-287936,-287552,-290176,-283520,-286464,-281280,-285376,-284352,-282240,-283776,-284864,-283840,-284352,-281344,-284480,-284416,-287168,-287296,-286208,-288064,-286016,-287232,-287552,-287936,-286336,-287872,-287616,-290816,-288832,-288000,-289600,-288704,-289472,-289600,-285376,-288576,-288192,-288000,-290368,-287616,-287936,-288448,-286848,-285696,-287360,-284736,-286592,-284992,-283904,-284032,-284736,-282112,-281344,-280768,-279616,-280512,-278016,-277120,-278336,-277120,-275520,-277824,-277760,-275840,-278016,-276288,-278912,-280576,-277888,-279552,-282496,-282688,-285568,-284800,-284928,-283136,-286912,-287168,-287296,-288896,-289216,-287168,-288256,-290752,-291264,-290880,-290752,-292480,-294144,-292928,-290688,-291456,-295424,-291328,-293120,-289216
0,0,-287296,-285888,-289024,-284672,-286144,-287424,-285568,-287296,-284736,-286720,-287680,-286976,-288384,-284800,-286464,-289344,-286976,-288192,-288256,-288768,-286400,-288128,-289024,-285312,-288000,-287680,-287040,-287552,-287744,-285184,-286144,-286400,-285184,-284160,-283008,-280256,-277696,-272000,-267072,-257024,-245696,-216448,-197184,-165120,-114624,-83840,-45760,14592,62016,87040,108928,119104,101824,84352,43520,-24192,-60544,-144640,-206912,-280448,-357312,-419776,-474880,-519232,-552512,-575296,-607104,-622208,-620544,-615680,-592832,-565376,-539200,-500096,-458304,-421312,-393280,-358016,-329344,-312640,-300928,-298624,-296320,-298304,-304192,-306752,-310848,-314048,-314880,-314944,-314240,-310912,-310592,-307968,-306752,-310912,-309440,-306368,-310528,-313664,-309760,-311488,-312512,-308352,-300928,-297152,-290112,-286784,-283264,-280768,-277504,-274560,-271424,-272000,-275648,-277312,-279296,-283264,-286848,-287168,-289408,-288384,-287872,-285376,-287424,-284032,-286656,-285056,-286464,-291072,-294208,-296192,-296576,-298816,-299264,-300864,-301376,-298112,-300224,-296128,-293056,-295232,-294656,-293248,-294912,-294208,-295552,-295680,-295616,-295936,-298304,-296448,-296896,-294016,-291328,-291200,-291392,-285952,-282688,-282048,-280384,-274496,-277760,-276160,-272320,-271552,-271168,-275008,-273024,-275520,-273600,-273344,-273408,-273792,-275456,-276736,-274368,-277696,-275520,-277696,-278400,-282624,-281216,-285184,-282240,-286464,-285248,-287040,-287488,-289152,-288896,-289472,-286656,-289344,-289472,-286336,-285760,-287552,-286848,-284224,-283712,-286656,-284224,-284928,-287360,-284352,-284544,-283264,-287104,-286272,-286464,-287744,-289600,-289920,-290560,-289216,-292992,-292800,-292160,-294272,-297024,-292480,-296064,-296512,-297344,-296064,-301952,-301184,-302208,-302592,-304064,-303360,-298560,-299264,-290624,-286784,-276736,-271936,-260608,-244480,-239744,-228608,-221952,-216512,-211392,-208320,-210688,-212224,-220096,-228992,-239808,-250304,-262848,-281216,-294080,-310848,-322880,-333120,-335936,-344704,-350016,-347840,-346176,-345024,-336320,-331904,-327104,-324416,-314816,-313856,-306112,-300096,-296896,-291968,-288768,-285632,-286976,-283520,-283200,-277760,-282176,-279616,-279360,-277952,-277760,-276096,-276928,-275136,-275264,-274944,-276224,-273408,-274496,-273792,-272320,-271744,-272704,-270976,-269568,-270592,-271424,-270336,-275776,-273984,-275904,-276544,-277952,-279104,-282048,-281856,-281472,-286144,-286592,-289408,-288768,-288832,-291584,-292736,-292608,-292864,-295424,-292352,-292352,-293120,-291968,-293440,-290112,-291968,-289280,-290432,-286016,-289920,-287744,-287104,-283264,-286208,-282688,-282240,-279680,-281344,-280768,-280064,-280384,-281664,-279360,-281728,-280192,-282624,-281472,-282624,-282944,-282176,-281600,-282048,-284800,-287104,-279296,-285632,-283008,-282048,-282432,-280704,-280512,-279680,-281408,-279680,-281408,-279872,-282048,-282112,-283328,-284544,-285440,-288384,-292800,-294464,-293248,-295872,-294144,-296320,-298176,-296512,-295808,-297600,-293312,-294400,-290624,-290176,-288640,-285440,-285312,-282816,-279424,-282560,-279552,-283328,-279744,-279360,-283072,-281536,-281856,-282560,-285568,-287680,-286528,-291136,-290304,-289536,-291072,-289152,-288832,-288000,-289280,-288000,-285248,-289408,-285312,-283520,-286208,-281920,-282048,-282624,-282560,-283200,-284224,-283584,-284096,-285504,-285568,-286272,-286784,-285440,-286272,-287744,-287552,-290624,-288000,-289280,-287936,-288704,-288832,-288192,-286976,-287936,-289024,-289408,-286080,-288896,-286336,-289280,-286464,-288256,-286976,-288448,-288448,-288384,-288640,-286272,-287680,-287232,-287040,-286464,-283328,-286848,-283456,-282368,-283904,-280704,-279616,-278272,-278144,-279360,-277504,-275968,-278208,-275584,-277312,-277120,-275392,-278016,-275840,-280576,-277696,-280000,-283712,-279424,-279424,-283520,-283008,-284416,-287168,-286464,-285952,-287872,-289600,-290048,-289344,-291584,-289984,-294848,-290880,-293504,-291648,-293376,-291712,-293696,-291136,-292544,-294784,-291776
0,0,-285568,-288448,-286144,-285952,-286976,-284736,-285632,-284160,-288192,-287616,-287296,-287488,-288192,-286848,-285312,-285824,-287552,-284544,-286592,-287424,-287104,-287680,-283968,-289024,-287552,-286080,-285568,-286848,-286464,-283904,-287296,-287680,-285504,-284608,-283008,-282432,-274944,-269760,-265664,-255424,-238336,-224704,-195520,-162880,-120704,-76864,-29184,21568,49856,84032,110848,119168,109056,86656,58112,-13824,-52480,-105472,-210496,-272064,-322880,-413568,-470720,-518144,-549376,-592064,-611968,-619904,-625024,-621888,-597888,-567040,-534976,-502656,-456768,-417664,-391488,-361600,-336128,-320896,-306304,-297024,-299008,-297728,-298304,-300480,-301888,-306944,-306048,-305408,-304576,-303424,-305920,-303808,-307648,-308352,-313856,-315520,-314944,-320832,-320448,-317504,-319168,-313280,-311040,-300352,-294144,-287488,-283712,-279360,-276032,-271040,-269568,-268352,-272256,-272640,-277696,-282304,-284736,-285248,-289728,-286080,-288832,-288832,-282944,-284352,-283264,-289984,-287104,-290752,-292800,-296448,-298048,-300544,-296000,-299584,-300672,-299776,-298688,-296768,-294528,-293696,-293120,-293184,-291456,-293440,-297152,-295488,-296192,-297344,-297664,-296576,-296192,-292544,-294208,-289024,-290944,-288192,-282752,-283264,-281472,-277888,-276352,-275968,-273536,-272128,-272256,-271168,-272576,-275712,-273024,-275648,-276160,-275904,-276800,-275968,-277376,-276096,-277440,-279488,-279040,-280960,-281024,-282112,-282048,-281856,-285824,-281728,-288320,-284928,-287488,-289792,-288256,-288000,-289024,-289792,-286592,-287296,-286464,-284544,-285888,-284864,-284160,-282176,-284864,-284224,-283776,-285248,-287488,-287296,-288576,-288832,-291584,-291456,-292224,-291328,-292416,-292288,-293824,-293184,-295040,-297088,-294976,-297920,-295168,-300352,-299008,-303616,-300736,-303296,-303424,-300480,-300288,-296896,-290624,-288192,-275648,-264128,-257408,-249536,-235520,-228736,-221376,-214016,-213248,-209344,-210880,-215040,-222656,-233088,-240192,-250624,-270144,-282560,-295360,-314112,-318080,-331200,-340480,-342720,-348352,-346688,-346880,-345600,-338176,-333888,-327168,-320960,-316160,-309056,-305024,-302400,-297024,-290816,-290368,-285824,-285184,-281920,-278912,-280896,-278784,-278400,-276288,-277760,-278464,-276672,-276608,-278016,-274368,-275648,-273024,-272960,-275520,-271936,-274368,-269696,-273408,-271680,-268480,-271616,-272064,-272448,-272896,-273088,-275584,-276544,-278400,-278464,-280704,-283136,-285248,-284992,-288192,-287424,-287360,-290752,-292416,-289472,-291264,-290432,-293568,-292800,-291904,-291904,-294336,-293632,-293696,-290368,-291008,-291392,-290304,-286656,-289344,-284608,-284736,-285696,-283584,-280768,-282816,-280640,-282944,-278848,-279936,-283008,-279168,-277760,-281408,-280704,-283328,-281408,-282560,-280192,-282816,-282944,-281216,-283392,-281152,-284288,-281600,-280576,-282688,-279360,-282560,-278272,-281152,-280320,-281280,-281344,-281344,-281920,-284160,-286912,-288512,-290240,-292864,-294464,-294336,-294912,-297664,-296960,-299840,-297344,-297472,-295040,-296192,-292416,-289920,-288576,-286400,-284544,-285696,-283584,-281472,-282304,-280000,-279424,-280512,-280320,-281792,-280960,-285376,-284352,-285440,-285248,-287104,-286144,-289280,-289984,-290816,-288064,-289920,-287744,-291520,-291264,-285056,-288768,-284672,-284672,-284416,-282816,-281600,-281856,-285248,-284032,-285760,-286016,-284224,-285056,-286656,-285824,-285760,-288000,-287296,-284608,-289408,-289792,-289472,-289088,-288192,-288384,-290240,-286592,-287552,-285568,-287936,-286848,-286016,-289152,-284416,-289536,-288320,-286912,-287360,-290368,-287488,-289280,-288576,-287296,-286592,-288704,-286464,-285888,-285568,-288704,-283136,-284992,-283584,-282944,-279616,-280960,-279552,-278784,-276416,-275648,-273728,-275840,-276480,-275200,-278656,-276864,-277376,-277504,-276352,-278592,-280896,-278016,-283456,-283776,-280512,-284800,-284736,-288576,-287296,-289408,-289792,-287808,-291904,-290880,-290496,-291456,-291904,-291904,-292672,-291328,-294336,-293120,-294592,-292864,-292608,-291392
0,0,-285056,-287168,-288064,-286080,-287424,-286656,-287040,-286336,-284672,-286720,-287424,-290112,-285312,-286976,-287424,-285632,-285568,-288384,-286592,-287616,-287104,-288512,-287104,-286848,-287488,-285376,-285824,-283904,-286912,-287360,-286784,-286336,-284864,-283904,-282880,-280512,-276608,-273344,-266368,-258432,-248064,-214592,-190592,-167296,-128000,-84160,-35456,4416,60672,78592,111616,116608,106112,86720,59200,-2432,-73728,-140032,-204544,-276992,-344768,-415360,-466304,-506752,-551104,-581760,-611840,-627200,-627072,-623424,-601920,-581504,-544320,-522496,-463232,-426560,-381312,-366784,-338816,-322496,-303360,-299136,-296832,-295616,-294912,-294208,-297792,-298240,-297984,-298880,-297472,-299456,-300608,-300288,-303232,-312064,-313600,-315136,-322368,-324352,-327936,-327360,-325248,-322112,-314240,-308416,-296128,-289152,-289792,-279296,-268736,-270784,-267904,-265984,-267904,-268992,-274304,-280768,-279488,-286016,-282880,-288576,-287424,-284352,-286336,-288768,-285696,-288320,-289280,-290112,-296832,-294144,-295680,-299520,-299328,-298752,-299776,-300352,-296576,-295936,-294016,-292736,-291392,-293248,-290112,-295616,-294656,-297984,-298304,-298624,-297024,-299584,-297600,-296832,-295040,-293632,-288960,-285248,-286592,-279680,-280448,-275904,-277184,-273984,-269120,-272448,-274624,-270912,-273472,-272256,-273600,-275520,-277376,-275456,-276160,-275776,-276160,-279296,-277248,-277632,-279744,-278336,-280512,-281024,-284352,-281216,-285056,-285952,-282816,-287168,-287552,-289024,-288128,-287680,-288320,-287488,-284096,-284736,-285504,-285824,-282432,-288000,-282560,-285632,-283584,-284864,-284416,-284672,-288960,-284864,-289792,-288896,-288640,-290112,-290176,-291392,-292672,-291840,-293632,-294976,-292352,-293632,-294272,-299968,-297216,-298048,-298112,-299712,-302656,-300160,-302848,-300032,-298624,-295552,-288832,-285632,-278592,-264320,-258112,-248768,-238400,-230528,-221440,-216128,-207744,-209728,-212096,-214528,-225024,-234624,-245248,-257088,-262848,-280832,-295232,-305856,-322816,-333696,-340608,-342848,-348096,-347968,-348480,-343424,-337600,-332416,-328064,-323136,-315264,-308032,-303744,-302144,-297472,-289152,-289984,-286656,-284352,-283776,-280896,-279296,-275136,-278720,-275008,-277504,-279104,-275392,-278208,-275904,-275456,-276992,-272576,-275200,-273536,-272704,-272448,-273472,-271680,-271296,-272768,-272064,-273728,-271616,-274112,-275968,-275008,-279296,-277056,-284928,-282880,-285248,-286016,-284288,-287744,-290304,-287296,-290880,-290624,-290944,-292032,-291840,-294272,-291264,-292544,-293824,-292096,-293248,-292736,-293952,-289280,-288832,-290816,-287616,-288896,-287936,-285120,-285248,-282048,-283136,-282112,-279936,-278272,-280576,-277824,-278528,-278400,-277504,-279232,-280512,-279808,-282816,-280768,-281408,-279936,-281024,-280256,-282432,-280320,-281664,-281536,-280512,-281600,-280128,-280320,-281088,-281600,-281344,-282880,-282496,-284480,-282624,-285120,-290304,-288512,-290944,-290944,-294784,-294976,-296064,-298560,-295360,-297792,-299520,-295360,-298880,-294208,-294336,-293696,-289280,-288192,-286912,-282944,-285696,-279488,-281920,-280064,-278784,-279360,-282432,-280768,-276288,-284224,-284032,-284864,-285504,-286720,-286848,-287616,-290368,-287040,-287232,-289152,-287744,-289152,-287616,-284096,-284224,-284864,-285056,-282368,-282496,-285120,-285440,-282176,-284096,-285376,-284288,-286336,-286016,-286144,-287232,-287424,-289600,-287296,-288576,-289344,-290112,-289536,-288832,-287040,-287744,-286720,-288064,-287616,-284864,-288128,-284416,-287424,-285120,-284928,-285440,-287104,-284416,-285696,-286592,-288064,-286528,-288576,-286528,-286528,-288448,-287808,-283584,-286912,-288128,-285248,-285312,-279936,-284096,-279104,-279808,-277824,-281664,-278848,-279104,-277376,-277440,-276224,-275904,-277888,-275392,-276992,-278720,-277696,-276672,-279168,-280832,-282496,-280960,-282432,-284864,-286144,-286080,-285632,-287552,-288896,-290496,-291264,-290432,-292800,-288768,-291328,-288896,-293760,-289664,-293184,-292160,-292800,-292416,-292352,-291392
0,0,-286720,-287040,-288064,-284672,-285504,-285824,-286016,-284672,-284160,-287232,-287296,-286528,-285440,-287744,-285184,-286720,-284800,-288512,-288128,-286464,-286144,-287936,-286720,-285888,-287872,-287872,-286912,-286144,-287104,-286016,-286464,-287616,-283968,-284480,-282752,-282560,-276032,-270272,-260224,-257280,-240896,-222464,-199808,-166656,-128000,-90176,-40448,14848,53824,87744,109568,118272,110464,87424,58816,-5120,-69760,-111232,-203008,-272320,-346496,-404608,-440320,-483456,-537728,-584512,-611456,-627904,-632448,-630080,-608512,-588928,-546368,-519168,-484864,-427968,-401856,-357888,-341824,-321792,-304256,-299776,-296896,-293504,-295488,-295616,-295872,-294976,-297152,-293696,-295808,-294400,-296256,-298944,-300736,-304384,-313088,-317760,-320000,-325376,-328320,-329856,-330944,-326720,-321920,-308544,-305152,-295168,-291200,-286656,-273600,-272000,-266112,-266368,-265792,-269056,-268864,-276608,-279296,-280896,-284480,-287232,-286208,-288000,-288576,-287552,-286848,-288384,-289600,-294016,-292736,-295936,-299264,-299072,-298880,-300928,-298048,-300800,-295360,-293056,-294656,-292608,-293312,-293952,-292096,-296320,-297088,-296320,-295808,-300224,-299584,-297792,-298112,-294720,-296064,-294336,-289984,-286272,-281664,-281600,-279872,-277888,-273280,-274496,-274688,-270720,-272064,-271232,-272320,-272896,-270528,-275712,-276032,-274880,-274560,-276096,-273792,-277760,-278464,-275072,-279936,-279808,-280064,-279296,-281024,-282368,-282304,-285824,-285120,-286208,-286656,-285248,-286080,-288128,-288192,-284864,-283904,-285184,-284416,-286272,-282752,-286848,-283904,-283072,-284608,-284544,-283200,-286528,-285504,-288960,-287488,-289600,-291968,-285376,-292672,-292800,-292096,-291712,-292160,-292928,-295360,-294080,-295552,-297472,-296064,-300160,-302720,-299840,-301568,-301952,-302528,-301696,-299456,-294528,-293760,-285312,-279360,-269248,-254144,-246592,-239296,-230656,-222208,-214336,-211456,-209344,-210816,-212608,-225792,-233216,-242880,-252160,-266240,-281984,-293696,-311488,-321664,-334720,-339392,-341440,-345088,-346624,-345280,-347904,-337280,-333888,-327040,-320640,-312832,-307648,-304192,-300992,-294144,-292224,-289792,-286208,-281984,-285440,-277760,-280192,-277824,-279616,-276992,-277248,-275904,-274496,-277888,-275520,-275648,-272192,-278848,-275328,-271808,-275392,-274176,-273152,-270784,-274624,-271680,-270784,-275072,-274240,-273536,-276224,-276416,-279872,-278336,-283456,-280960,-284288,-285376,-284928,-287104,-287296,-292032,-288768,-288896,-291008,-293568,-290368,-294208,-292608,-290048,-295104,-295232,-293696,-291840,-293248,-291072,-291328,-286976,-291008,-288128,-286784,-285376,-285952,-283392,-286336,-279936,-283648,-280192,-280256,-281600,-279936,-279360,-277632,-279552,-278016,-280512,-277760,-279872,-281792,-280640,-281920,-280384,-282624,-280320,-280896,-279360,-282240,-280960,-281152,-283136,-283136,-281280,-281472,-281408,-282496,-281728,-287168,-284160,-289856,-290688,-292032,-292928,-294272,-299904,-294912,-295808,-299008,-296832,-298112,-301120,-293952,-294080,-293376,-289728,-290880,-288704,-285312,-284032,-283072,-284032,-279488,-282112,-282240,-283456,-277376,-280960,-283712,-284288,-284480,-284352,-287168,-286720,-287680,-291776,-289216,-288896,-289408,-287232,-289344,-283072,-288128,-284608,-285760,-283840,-284544,-283392,-283776,-283840,-283008,-283328,-284352,-282880,-284544,-287936,-285760,-287168,-286720,-290496,-289216,-288512,-290944,-287488,-289792,-290240,-287296,-287488,-289088,-285504,-286848,-286016,-286272,-285248,-287232,-285504,-286464,-286080,-287232,-286336,-286784,-287808,-286848,-286976,-285952,-288512,-291264,-287552,-290688,-289216,-287168,-286592,-286912,-285632,-284608,-286016,-283456,-285568,-282240,-277568,-279040,-280064,-275840,-276352,-276224,-277120,-273984,-276928,-276160,-276032,-277248,-277184,-273920,-279680,-277952,-280320,-278912,-284544,-282816,-283648,-285248,-286080,-288704,-288640,-289984,-290304,-289344,-289728,-291648,-291392,-292864,-292672,-292672,-293376,-296000,-294016,-291840,-294336,-293248
0,0,-287424,-286784,-286016,-287872,-286080,-286656,-289408,-288192,-289344,-286464,-288640,-287744,-288704,-284864,-284992,-286016,-288896,-285248,-284480,-288256,-286528,-285440,-286784,-288320,-286016,-288128,-285632,-285568,-286464,-284288,-286272,-285568,-288192,-282944,-282496,-280704,-275392,-268864,-264704,-260800,-242304,-212736,-190528,-171264,-120064,-90752,-43520,20096,44480,78400,105792,117824,109632,91584,61248,8640,-66688,-120448,-192768,-245056,-309696,-393920,-438592,-505984,-544640,-578816,-615808,-628224,-637568,-630272,-619648,-594112,-564864,-514240,-472512,-439360,-401088,-372992,-343232,-322368,-309056,-300160,-294272,-292416,-293376,-291968,-292736,-293632,-292096,-290176,-289856,-290944,-293440,-293504,-295552,-300864,-308224,-314816,-322432,-328064,-331392,-333824,-330880,-330432,-327680,-318208,-308416,-301056,-299776,-287040,-276224,-272448,-266944,-266240,-263616,-266368,-269696,-271296,-274304,-282176,-280960,-285888,-283008,-288384,-289280,-287616,-291072,-290816,-289664,-290688,-292800,-295040,-297856,-296640,-301184,-296512,-296128,-295488,-294272,-293248,-294016,-290432,-288064,-290368,-291648,-295488,-294464,-295936,-298624,-301312,-299776,-298880,-298880,-297920,-297984,-293568,-289216,-286656,-285056,-281280,-280192,-276736,-275776,-272512,-271296,-269376,-270848,-276992,-269632,-271808,-274560,-273600,-275520,-274816,-275200,-279616,-278080,-279232,-278592,-279680,-281728,-278784,-281664,-280384,-282432,-281728,-284672,-280192,-286848,-284544,-286272,-286080,-287232,-285184,-288704,-285760,-287808,-285568,-284096,-282560,-287488,-285952,-282688,-285760,-286272,-284736,-287296,-287424,-288192,-288000,-288512,-288384,-291008,-292160,-291584,-293440,-290688,-293568,-293696,-293888,-294144,-292736,-296512,-296448,-296960,-297792,-300480,-302336,-300736,-303680,-302144,-298240,-297216,-294400,-289984,-283904,-278592,-267008,-255936,-243904,-239424,-234304,-217088,-214016,-211712,-209024,-212416,-213632,-229056,-227136,-244352,-256640,-265984,-284864,-298624,-310656,-321920,-331328,-342144,-343104,-346944,-346944,-348800,-341056,-339200,-333696,-326464,-321856,-313472,-309824,-305536,-298944,-294720,-290240,-287488,-284416,-281984,-282944,-278592,-278912,-280000,-278784,-275584,-278016,-272832,-275904,-275968,-276416,-275264,-273216,-275008,-276096,-274816,-272704,-275328,-272896,-275136,-272832,-273536,-273408,-275520,-272640,-277760,-273088,-277056,-279104,-281536,-275776,-283136,-286272,-283392,-285376,-287296,-287360,-290944,-289664,-291200,-289536,-292928,-292992,-294016,-295296,-291968,-295168,-293120,-290496,-294464,-291072,-295296,-288832,-290240,-289280,-287808,-289152,-283904,-284096,-284160,-285888,-279552,-281920,-282496,-281856,-278784,-280320,-279936,-278720,-279040,-278400,-277568,-283840,-280448,-278976,-279424,-279616,-281344,-282816,-278784,-279552,-279232,-277312,-279936,-280896,-279424,-278272,-281408,-279808,-282944,-283456,-280576,-288704,-286272,-288896,-289600,-293824,-294656,-292992,-296832,-298176,-295488,-299520,-299136,-299072,-299648,-294720,-298880,-294336,-289920,-290432,-288128,-283712,-285632,-284736,-281536,-284544,-284928,-279552,-282816,-279552,-283648,-281920,-283712,-286976,-285312,-286144,-286272,-287360,-288064,-286720,-286528,-291456,-286144,-286848,-285120,-288960,-284544,-282048,-281280,-281408,-283648,-281664,-280576,-282688,-284160,-281216,-285056,-285312,-287168,-286528,-284480,-288448,-286656,-291776,-289792,-286528,-289408,-290944,-289920,-289984,-286592,-290240,-285184,-286784,-285120,-285696,-285184,-286784,-287808,-283520,-285760,-284736,-286400,-285888,-284992,-287552,-286912,-290304,-287872,-290560,-286784,-289472,-289536,-289408,-286912,-288448,-284480,-285696,-283904,-286144,-281152,-280064,-278784,-282176,-279616,-276992,-276608,-277440,-278272,-275392,-272320,-275712,-276288,-275712,-278080,-274304,-278016,-276992,-279744,-283200,-282816,-283520,-282560,-284096,-285056,-286528,-287296,-289792,-290112,-291520,-291008,-291520,-292736,-293056,-292032,-293120,-293632,-292224,-293312,-290816,-295040,-294784
0,0,-285696,-284736,-287104,-285632,-287360,-285120,-287744,-286016,-289216,-286272,-286208,-287552,-288256,-285440,-287936,-284160,-290112,-286784,-289024,-286400,-287104,-285888,-285568,-288000,-287808,-286592,-285248,-287616,-286272,-286656,-287360,-285184,-287040,-284608,-281856,-279808,-281536,-273664,-263936,-256896,-240064,-224064,-197568,-159296,-143936,-90112,-52608,6016,50880,76544,107200,112768,106112,90496,62400,20736,-37120,-91712,-194112,-230464,-300160,-374976,-453824,-486336,-544448,-584384,-610688,-635520,-643072,-640192,-610496,-593472,-567488,-523392,-476352,-444480,-403456,-378112,-345600,-322112,-307264,-303168,-295744,-291776,-295808,-292416,-291392,-294720,-292864,-291968,-288512,-287488,-285760,-289280,-293568,-296064,-303040,-310784,-316864,-323264,-330880,-334016,-336000,-334720,-333568,-321088,-314112,-308608,-301568,-291712,-280960,-277888,-268096,-264512,-264064,-262336,-265344,-267456,-271808,-277376,-280704,-281856,-285376,-289728,-287616,-290752,-291072,-294016,-292480,-293184,-295360,-293312,-297792,-295808,-298176,-296192,-293504,-295808,-291200,-293184,-290496,-289536,-292800,-288576,-293248,-295488,-298560,-295680,-298112,-301504,-302592,-299840,-303552,-296576,-299072,-292608,-291072,-287808,-287936,-282816,-277632,-274432,-273344,-275712,-270144,-268736,-270016,-270528,-272832,-272256,-273728,-277184,-274944,-277888,-277760,-277504,-277888,-282560,-279808,-280640,-283008,-281600,-282688,-279232,-281984,-281920,-284608,-285632,-283712,-285120,-284160,-285696,-286720,-286080,-285952,-288128,-287296,-284352,-287552,-283456,-286144,-283904,-282816,-287104,-288192,-282304,-286592,-285184,-289152,-288448,-288576,-289728,-289792,-289856,-290752,-290240,-290176,-293376,-294528,-294784,-294784,-298048,-296320,-295488,-295808,-300672,-298816,-300608,-300672,-302144,-304064,-300928,-298112,-294016,-291968,-282560,-276800,-267456,-255296,-247616,-241088,-226880,-223424,-217472,-211264,-207680,-215808,-215936,-225792,-234176,-246208,-251328,-269824,-280448,-297216,-315712,-322560,-330176,-341312,-345728,-344768,-350400,-342976,-342784,-337024,-333696,-324096,-325376,-313856,-309120,-308224,-296064,-295168,-291648,-288192,-286016,-284928,-279552,-281024,-280256,-276480,-278016,-274944,-274112,-275456,-278464,-274880,-274112,-275328,-276288,-275904,-275008,-273792,-275008,-272000,-274112,-274496,-274432,-274816,-271744,-276160,-276032,-276096,-276352,-279872,-279424,-280192,-284736,-283072,-282688,-285184,-286784,-285888,-287744,-290688,-288768,-290432,-290944,-291328,-292032,-294208,-293824,-292480,-292480,-293312,-293568,-292416,-290816,-292288,-290688,-289152,-291712,-286976,-288576,-284224,-284928,-283520,-281984,-283008,-281088,-282304,-281600,-279616,-280704,-280512,-282112,-278912,-279168,-280512,-279232,-280704,-279168,-278528,-281152,-280256,-277696,-279552,-278144,-279808,-278464,-279808,-279296,-279872,-277632,-280192,-280768,-279616,-282240,-285632,-285504,-288128,-287744,-289152,-292928,-295872,-296384,-299456,-297792,-298624,-300032,-299328,-297600,-296960,-294976,-295872,-292736,-290432,-290688,-290752,-284544,-283840,-282176,-281984,-283776,-281408,-280064,-280128,-282176,-282368,-280512,-287616,-282688,-285056,-287040,-285312,-289664,-286528,-287872,-290240,-287680,-286528,-287616,-285504,-285568,-283328,-281088,-287232,-281472,-285696,-283264,-281600,-281728,-283072,-282944,-283968,-283136,-288128,-283456,-287168,-284160,-287552,-290624,-289792,-289600,-290240,-291584,-288768,-288896,-285120,-288576,-286848,-286400,-286592,-285504,-286144,-283776,-285568,-283392,-281600,-286464,-286656,-286592,-287296,-285888,-288896,-286656,-286656,-290944,-288768,-289344,-291584,-287168,-287552,-288576,-288512,-287680,-284416,-287104,-283136,-283520,-282944,-280320,-280704,-276096,-276928,-274944,-275968,-278656,-274240,-275072,-276608,-276416,-277184,-276928,-278016,-277120,-280064,-279040,-280512,-282240,-282368,-284096,-283072,-286656,-283520,-289216,-290240,-291264,-290432,-292160,-289792,-291328,-295808,-291968,-292160,-295424,-292544,-295232,-292864,-292416
